"miRNA1","miRNA2","TF","hgnc_symbol_tf","Target","hgnc_symbol_target","ModeOfRegulation","TwoVar_mirna1_tf","TwoVar_mirna1_target","TwoVar_mirna2_target","mirna1mirna2_target","BH_pvalues_adjusted"
"hsa-mir-16-1-3p","hsa-mir-17-5p",3091,"HIF1A",19,"ABCA1",1,0,0.019,0.014,0.0025,0.0159618135637754
"hsa-let-7b-5p","hsa-mir-30a-3p",6667,"SP1",102,"ADAM10",1,0,0.0145,0.0165,0.0055,0.0287304256437204
"hsa-mir-30a-3p","hsa-mir-369-3p",6667,"SP1",102,"ADAM10",1,5e-04,0.0365,0.0255,0.007,0.0341537157263012
"hsa-mir-125b-5p","hsa-mir-199b-5p",4609,"MYC",262,"AMD1",1,0.003,0.4145,0.396,0.0025,0.0159618135637754
"hsa-mir-181a-5p","hsa-mir-25-3p",2624,"GATA2",285,"ANGPT2",1,0.0035,0.0195,0.0295,0.0045,0.0248073403745809
"hsa-mir-181a-5p","hsa-mir-548j-5p",2308,"FOXO1",285,"ANGPT2",1,0,0.0215,0.206,0.009,0.0409841540864133
"hsa-mir-181a-5p","hsa-mir-9-5p",2308,"FOXO1",285,"ANGPT2",1,0,0.0155,0.042,0.001,0.00782846506300114
"hsa-mir-130a-3p","hsa-mir-381-3p",2099,"ESR1",367,"AR",1,0.0095,0.013,0.0215,0.001,0.00782846506300114
"hsa-mir-25-3p","hsa-mir-376c-3p",6667,"SP1",472,"ATM",1,0.001,0.038,0.1795,0.0065,0.0324104879160967
"hsa-mir-15a-5p","hsa-mir-450b-5p",2627,"GATA6",490,"ATP2B1",1,0,0.032,0.039,0.007,0.0341537157263012
"hsa-mir-429","hsa-mir-495-3p",4609,"MYC",595,"CCND1",-1,0.0015,0.0135,0.499,0.006,0.0306554527614242
"hsa-mir-181c-5p","hsa-mir-195-5p",6934,"TCF7L2",595,"CCND1",1,5e-04,0.0725,0.0145,0.007,0.0341537157263012
"hsa-mir-429","hsa-mir-516b-5p",4609,"MYC",595,"CCND1",-1,0.004,0.0155,0.0415,0,0
"hsa-mir-130a-3p","hsa-mir-497-5p",6667,"SP1",595,"CCND1",1,0,0.025,0.0205,0.002,0.0134607004370037
"hsa-mir-130a-3p","hsa-mir-195-5p",6925,"TCF4",595,"CCND1",1,0,0.0205,0.0105,0.0045,0.0248073403745809
"hsa-mir-130a-3p","hsa-mir-195-5p",6667,"SP1",595,"CCND1",1,0,0.0205,0.0105,0.0045,0.0248073403745809
"hsa-mir-130a-3p","hsa-mir-497-5p",6925,"TCF4",595,"CCND1",1,0,0.025,0.0205,0.002,0.0134607004370037
"hsa-let-7b-5p","hsa-mir-525-5p",7157,"TP53",598,"BCL2L1",1,0,0.037,0.791,0,0
"hsa-let-7b-5p","hsa-mir-520a-5p",7157,"TP53",598,"BCL2L1",1,0,0.0295,0.8125,0,0
"hsa-mir-135b-5p","hsa-mir-182-5p",4609,"MYC",672,"BRCA1",1,0.006,0.0485,0.5025,0.007,0.0341537157263012
"hsa-mir-138-5p","hsa-mir-195-5p",11016,"ATF7",677,"ZFP36L1",1,5e-04,0.172,0.0445,0.002,0.0134607004370037
"hsa-mir-30a-5p","hsa-mir-3662",4205,"MEF2A",687,"KLF9",1,0.004,0.073,0.032,0.0045,0.0248073403745809
"hsa-mir-130a-3p","hsa-mir-33a-3p",7003,"TEAD1",817,"CAMK2D",1,0.005,0.118,0.103,0.002,0.0134607004370037
"hsa-mir-125b-5p","hsa-mir-30a-5p",7157,"TP53",836,"CASP3",1,0,0.052,0.2065,0.004,0.0227281560965471
"hsa-mir-125b-5p","hsa-mir-30a-3p",7157,"TP53",836,"CASP3",1,0,0.0285,0.438,5e-04,0.00443296712206591
"hsa-mir-125b-5p","hsa-mir-221-3p",7157,"TP53",836,"CASP3",1,0,0.029,0.1695,0.001,0.00782846506300114
"hsa-let-7b-3p","hsa-mir-125b-5p",7157,"TP53",836,"CASP3",1,0,0.514,0.023,0,0
"hsa-let-7b-5p","hsa-mir-125a-5p",7157,"TP53",836,"CASP3",1,0,0.035,0.247,0,0
"hsa-mir-15b-5p","hsa-mir-548t-5p",4089,"SMAD4",862,"RUNX1T1",1,0.001,0.0995,0.052,0.0075,0.0358980980937165
"hsa-mir-301b-3p","hsa-mir-4326",4089,"SMAD4",862,"RUNX1T1",1,0,0.0255,0.041,0.003,0.0183351871000196
"hsa-let-7b-5p","hsa-mir-182-5p",7157,"TP53",890,"CCNA2",1,0,0.0265,0.0455,0.002,0.0134607004370037
"hsa-let-7b-5p","hsa-mir-519d-3p",1869,"E2F1",890,"CCNA2",1,0.0035,0.0285,0.0675,0,0
"hsa-let-7b-5p","hsa-mir-30a-5p",7157,"TP53",890,"CCNA2",1,0,0.024,0.04,0.005,0.0268154396978763
"hsa-let-7b-5p","hsa-mir-182-5p",1869,"E2F1",890,"CCNA2",1,0.0015,0.0265,0.0455,0.002,0.0134607004370037
"hsa-mir-181a-2-3p","hsa-mir-758-3p",9580,"SOX13",949,"SCARB1",1,0,0.041,0.538,0.004,0.0227281560965471
"hsa-mir-30a-3p","hsa-mir-377-5p",1874,"E2F4",990,"CDC6",1,5e-04,0.0175,0.041,0.0065,0.0324104879160967
"hsa-mir-135b-5p","hsa-mir-31-5p",4609,"MYC",1019,"CDK4",1,0.005,0.0575,0.1935,0.0035,0.0205773428678961
"hsa-let-7b-5p","hsa-mir-125b-5p",4149,"MAX",1021,"CDK6",1,0.0075,0.0245,0.013,0,0
"hsa-mir-1291","hsa-mir-1304-5p",5914,"RARA",1026,"CDKN1A",1,0.001,0.7815,0.061,0.0095,0.0426185562780775
"hsa-mir-195-5p","hsa-mir-376b-3p",3091,"HIF1A",1026,"CDKN1A",1,0.006,0.0375,0.2965,0.0045,0.0248073403745809
"hsa-mir-410-3p","hsa-mir-548v",6667,"SP1",1027,"CDKN1B",1,5e-04,0.0715,0.717,0.0075,0.0358980980937165
"hsa-let-7b-5p","hsa-mir-519d-3p",1874,"E2F4",1031,"CDKN2C",1,0.002,0.0475,0.3295,0,0
"hsa-mir-15a-5p","hsa-mir-654-5p",7975,"MAFK",1106,"CHD2",1,0,0.056,0.21,0,0
"hsa-mir-30a-3p","hsa-mir-337-3p",8932,"MBD2",1108,"CHD4",1,0.0025,0.023,0.2265,0.0015,0.0107739096163952
"hsa-mir-181a-2-3p","hsa-mir-20a-5p",9189,"ZBED1",1153,"CIRBP",1,5e-04,0.119,0.3005,0.003,0.0183351871000196
"hsa-mir-17-5p","hsa-mir-181a-2-3p",9189,"ZBED1",1153,"CIRBP",1,0,0.1135,0.1085,0.001,0.00782846506300114
"hsa-mir-15b-5p","hsa-mir-766-3p",9189,"ZBED1",1153,"CIRBP",1,0.0065,0.088,0.0125,0.0015,0.0107739096163952
"hsa-mir-181a-2-3p","hsa-mir-766-3p",9189,"ZBED1",1153,"CIRBP",1,0.001,0.1125,0.0195,0.0095,0.0426185562780775
"hsa-mir-30a-5p","hsa-mir-411-3p",4899,"NRF1",1155,"TBCB",1,0.001,0.011,0.0205,0,0
"hsa-mir-30a-5p","hsa-mir-377-3p",4899,"NRF1",1155,"TBCB",1,0.002,0.0105,0.1355,0.0015,0.0107739096163952
"hsa-mir-485-3p","hsa-mir-493-5p",4801,"NFYB",1164,"CKS2",1,0,0.0655,0.8535,0.0075,0.0358980980937165
"hsa-mir-15b-5p","hsa-mir-9-5p",4088,"SMAD3",1277,"COL1A1",1,0,0.0605,0.076,0.007,0.0341537157263012
"hsa-mir-2355-5p","hsa-mir-497-5p",4088,"SMAD3",1281,"COL3A1",1,0,0.0235,0.074,0.002,0.0134607004370037
"hsa-mir-181a-5p","hsa-mir-2355-5p",1050,"CEBPA",1312,"COMT",1,0,0.1045,0.126,0.0075,0.0358980980937165
"hsa-mir-15a-3p","hsa-mir-592",1869,"E2F1",1355,"COX15",1,0,0.554,0.266,0.0035,0.0205773428678961
"hsa-mir-17-5p","hsa-mir-548b-3p",6667,"SP1",1386,"ATF2",1,5e-04,0.024,0.584,0.0045,0.0248073403745809
"hsa-mir-1271-5p","hsa-mir-15a-5p",4790,"NFKB1",1435,"CSF1",1,0.0035,0.5425,0.067,0.0045,0.0248073403745809
"hsa-let-7b-5p","hsa-mir-31-3p",6667,"SP1",1457,"CSNK2A1",1,0,0.0115,0.181,0.002,0.0134607004370037
"hsa-mir-125a-5p","hsa-mir-410-3p",6667,"SP1",1457,"CSNK2A1",1,0,0.134,0.017,0.0095,0.0426185562780775
"hsa-mir-130b-3p","hsa-mir-181a-5p",6667,"SP1",1490,"CCN2",1,0,0.087,0.051,0.0055,0.0287304256437204
"hsa-mir-181b-5p","hsa-mir-2355-5p",6667,"SP1",1490,"CCN2",1,0.0035,0.0365,0.5975,0.008,0.0376461677497095
"hsa-mir-181b-5p","hsa-mir-25-3p",6667,"SP1",1490,"CCN2",1,0.0035,0.0355,0.1505,0.0055,0.0287304256437204
"hsa-mir-183-3p","hsa-mir-96-5p",6934,"TCF7L2",1499,"CTNNB1",1,0,0.012,0.169,0.004,0.0227281560965471
"hsa-mir-183-3p","hsa-mir-183-5p",6934,"TCF7L2",1499,"CTNNB1",1,0,0.0155,0.0405,0.005,0.0268154396978763
"hsa-mir-141-3p","hsa-mir-429",6667,"SP1",1545,"CYP1B1",1,0.0085,0.058,0.117,0,0
"hsa-mir-136-5p","hsa-mir-497-3p",3660,"IRF2",1654,"DDX3X",1,0,0.3735,0.071,0.007,0.0341537157263012
"hsa-mir-15b-3p","hsa-mir-3613-5p",7528,"YY1",1739,"DLG1",1,0.0015,0.0185,0.0105,0.003,0.0183351871000196
"hsa-let-7b-5p","hsa-mir-519a-3p",1875,"E2F5",1808,"DPYSL2",1,0.0065,0.295,0.151,5e-04,0.00443296712206591
"hsa-let-7b-5p","hsa-mir-519d-3p",1875,"E2F5",1808,"DPYSL2",1,0.0065,0.2345,0.215,0.0025,0.0159618135637754
"hsa-let-7b-5p","hsa-mir-520d-3p",1875,"E2F5",1808,"DPYSL2",1,0.0035,0.3625,0.228,5e-04,0.00443296712206591
"hsa-let-7b-5p","hsa-mir-520a-3p",1875,"E2F5",1808,"DPYSL2",1,0.003,0.3095,0.237,0.001,0.00782846506300114
"hsa-let-7b-5p","hsa-mir-519c-3p",1875,"E2F5",1808,"DPYSL2",1,0.0035,0.3605,0.2675,5e-04,0.00443296712206591
"hsa-mir-20b-3p","hsa-mir-2355-5p",4208,"MEF2C",1809,"DPYSL3",1,0,0.032,0.581,0.006,0.0306554527614242
"hsa-let-7b-5p","hsa-mir-31-5p",5089,"PBX2",1859,"DYRK1A",1,0,0.046,0.0505,5e-04,0.00443296712206591
"hsa-let-7b-5p","hsa-mir-522-3p",5089,"PBX2",1859,"DYRK1A",1,0,0.042,0.0525,0,0
"hsa-let-7b-5p","hsa-mir-31-3p",5089,"PBX2",1859,"DYRK1A",1,0,0.0415,0.0715,5e-04,0.00443296712206591
"hsa-let-7b-5p","hsa-mir-30a-3p",5089,"PBX2",1859,"DYRK1A",1,0,0.04,0.24,5e-04,0.00443296712206591
"hsa-mir-497-3p","hsa-mir-577",3091,"HIF1A",1871,"E2F3",1,5e-04,0.0335,0.713,0.0095,0.0426185562780775
"hsa-mir-299-5p","hsa-mir-92b-3p",3091,"HIF1A",1871,"E2F3",1,0.0045,0.02,0.311,0.0025,0.0159618135637754
"hsa-mir-299-3p","hsa-mir-92b-3p",3091,"HIF1A",1871,"E2F3",1,5e-04,0.2955,0.2975,0.001,0.00782846506300114
"hsa-mir-299-3p","hsa-mir-379-5p",3091,"HIF1A",1906,"EDN1",1,0,0.0115,0.1965,0.0015,0.0107739096163952
"hsa-mir-130a-3p","hsa-mir-940",3091,"HIF1A",1906,"EDN1",1,0,0.0175,0.16,0.0025,0.0159618135637754
"hsa-mir-130a-3p","hsa-mir-940",3725,"JUN",1906,"EDN1",1,0,0.0175,0.16,0.0025,0.0159618135637754
"hsa-mir-3065-3p","hsa-mir-582-3p",688,"KLF5",1999,"ELF3",1,0.0035,0.0975,0.2005,0.006,0.0306554527614242
"hsa-mir-181a-5p","hsa-mir-93-5p",7528,"YY1",2033,"EP300",1,0,0.0375,0.017,0.0045,0.0248073403745809
"hsa-mir-181b-5p","hsa-mir-93-5p",7528,"YY1",2033,"EP300",1,0,0.0205,0.015,0.0085,0.0393354775910957
"hsa-mir-136-5p","hsa-mir-485-3p",4801,"NFYB",2035,"EPB41",1,0,0.1215,0.237,0.005,0.0268154396978763
"hsa-mir-516b-5p","hsa-mir-92b-3p",1316,"KLF6",2059,"EPS8",1,0,0.943,0.071,0.0035,0.0205773428678961
"hsa-mir-130a-3p","hsa-mir-516b-5p",7003,"TEAD1",2059,"EPS8",1,0.003,0.032,0.9255,0.002,0.0134607004370037
"hsa-mir-518c-5p","hsa-mir-92b-3p",1316,"KLF6",2059,"EPS8",1,0.001,0.8735,0.096,0.008,0.0376461677497095
"hsa-mir-130a-3p","hsa-mir-518c-5p",7003,"TEAD1",2059,"EPS8",1,0.005,0.036,0.855,0.0015,0.0107739096163952
"hsa-mir-181a-5p","hsa-mir-9-5p",2099,"ESR1",2078,"ERG",1,0.0015,0.1765,0.0535,0.0055,0.0287304256437204
"hsa-mir-181a-5p","hsa-mir-9-5p",639,"PRDM1",2078,"ERG",1,0,0.1765,0.0535,0.0055,0.0287304256437204
"hsa-mir-181a-5p","hsa-mir-9-5p",6886,"TAL1",2078,"ERG",1,0,0.1765,0.0535,0.0055,0.0287304256437204
"hsa-mir-136-5p","hsa-mir-376c-3p",860,"RUNX2",2113,"ETS1",1,0,0.0425,0.049,0.008,0.0376461677497095
"hsa-mir-106a-5p","hsa-mir-497-3p",4212,"MEIS2",2115,"ETV1",1,0,0.0145,0.2385,0.0095,0.0426185562780775
"hsa-mir-20b-5p","hsa-mir-497-3p",4212,"MEIS2",2115,"ETV1",1,0,0.0245,0.245,0,0
"hsa-mir-181b-5p","hsa-mir-92b-3p",8202,"NCOA3",2186,"BPTF",1,0,0.087,0.6925,5e-04,0.00443296712206591
"hsa-mir-15b-3p","hsa-mir-654-3p",8202,"NCOA3",2186,"BPTF",1,0,0.479,0.3635,0.0025,0.0159618135637754
"hsa-mir-20b-5p","hsa-mir-654-3p",8202,"NCOA3",2186,"BPTF",1,0,0.012,0.156,0.005,0.0268154396978763
"hsa-mir-3662","hsa-mir-624-5p",8202,"NCOA3",2186,"BPTF",1,0.0045,0.0835,0.3,0.0055,0.0287304256437204
"hsa-mir-125a-5p","hsa-mir-592",4609,"MYC",2194,"FASN",1,0,0.027,0.0845,0.0085,0.0393354775910957
"hsa-mir-136-5p","hsa-mir-199a-5p",4801,"NFYB",2222,"FDFT1",1,0,0.2115,0.2405,0.004,0.0227281560965471
"hsa-mir-134-5p","hsa-mir-199a-5p",3607,"FOXK2",2222,"FDFT1",1,0.0025,0.042,0.231,0.0085,0.0393354775910957
"hsa-mir-130b-5p","hsa-mir-625-3p",7003,"TEAD1",2274,"FHL2",1,0,0.0895,0.013,0.0095,0.0426185562780775
"hsa-mir-625-3p","hsa-mir-766-3p",7003,"TEAD1",2274,"FHL2",1,0,0.0215,0.0485,0.008,0.0376461677497095
"hsa-mir-16-1-3p","hsa-mir-181a-5p",7003,"TEAD1",2274,"FHL2",1,0,0.671,0.0425,0.003,0.0183351871000196
"hsa-mir-135b-5p","hsa-mir-182-5p",4609,"MYC",2305,"FOXM1",1,0.006,0.0365,0.332,0.008,0.0376461677497095
"hsa-let-7b-5p","hsa-mir-34c-5p",6667,"SP1",2332,"FMR1",1,0,0.0125,0.144,0.004,0.0227281560965471
"hsa-mir-2355-3p","hsa-mir-3613-5p",1958,"EGR1",2335,"FN1",1,0,0.0115,0.224,0.0065,0.0324104879160967
"hsa-mir-3065-3p","hsa-mir-940",3725,"JUN",2353,"FOS",1,0.0015,0.525,0.3545,0.008,0.0376461677497095
"hsa-mir-3065-3p","hsa-mir-940",1051,"CEBPB",2353,"FOS",1,0,0.525,0.3545,0.008,0.0376461677497095
"hsa-mir-429","hsa-mir-452-3p",3091,"HIF1A",2673,"GFPT1",1,0.0015,0.167,0.0395,0.0025,0.0159618135637754
"hsa-let-7a-2-3p","hsa-mir-129-5p",6667,"SP1",2683,"B4GALT1",1,0,0.3125,0.3995,0.004,0.0227281560965471
"hsa-mir-1296-5p","hsa-mir-181c-5p",6667,"SP1",2683,"B4GALT1",1,5e-04,0.085,0.0155,0.001,0.00782846506300114
"hsa-mir-130a-3p","hsa-mir-33a-5p",6667,"SP1",2697,"GJA1",1,0,0.175,0.0265,0.0035,0.0205773428678961
"hsa-mir-766-3p","hsa-mir-92a-1-5p",7004,"TEAD4",2762,"GMDS",1,0,0.0745,0.134,5e-04,0.00443296712206591
"hsa-mir-128-3p","hsa-mir-766-3p",7003,"TEAD1",2762,"GMDS",1,0,0.0805,0.0635,0.0045,0.0248073403745809
"hsa-mir-625-3p","hsa-mir-766-3p",7003,"TEAD1",2762,"GMDS",1,0,0.026,0.069,0.0045,0.0248073403745809
"hsa-mir-15a-5p","hsa-mir-92b-3p",7975,"MAFK",2889,"RAPGEF1",1,0,0.1605,0.241,0.0055,0.0287304256437204
"hsa-mir-299-5p","hsa-mir-429",3091,"HIF1A",2908,"NR3C1",1,0.004,0.037,0.1,0.006,0.0306554527614242
"hsa-mir-141-3p","hsa-mir-9-5p",3091,"HIF1A",2908,"NR3C1",1,0,0.016,0.028,0.0015,0.0107739096163952
"hsa-mir-299-5p","hsa-mir-429",6667,"SP1",2908,"NR3C1",1,0.0015,0.037,0.1,0.006,0.0306554527614242
"hsa-mir-3922-3p","hsa-mir-7-1-3p",6671,"SP4",2957,"GTF2A1",1,0.001,0.212,0.046,0.0035,0.0205773428678961
"hsa-mir-106a-5p","hsa-mir-7-1-3p",6671,"SP4",2957,"GTF2A1",1,0,0.067,0.05,0.004,0.0227281560965471
"hsa-mir-182-5p","hsa-mir-760",7020,"TFAP2A",3092,"HIP1",1,0.003,0.2485,0.0265,0.0095,0.0426185562780775
"hsa-mir-130a-3p","hsa-mir-376b-3p",3091,"HIF1A",3099,"HK2",1,0,0.029,0.062,0.0065,0.0324104879160967
"hsa-mir-130a-3p","hsa-mir-497-3p",3091,"HIF1A",3099,"HK2",1,0,0.045,0.0105,0.008,0.0376461677497095
"hsa-mir-181a-2-3p","hsa-mir-181a-5p",6772,"STAT1",3133,"HLA-E",1,0,0.07,0.0975,0.0095,0.0426185562780775
"hsa-let-7b-5p","hsa-mir-520h",1874,"E2F4",3151,"HMGN2",1,0.0015,0.0375,0.344,0,0
"hsa-let-7b-5p","hsa-mir-520g-3p",1874,"E2F4",3151,"HMGN2",1,0.004,0.0485,0.318,0,0
"hsa-mir-519d-3p","hsa-mir-7-1-3p",3091,"HIF1A",3156,"HMGCR",1,0,0.5405,0.319,0.0025,0.0159618135637754
"hsa-mir-519c-3p","hsa-mir-7-1-3p",3091,"HIF1A",3156,"HMGCR",1,0,0.5935,0.353,0.0075,0.0358980980937165
"hsa-mir-125b-5p","hsa-mir-130a-3p",3091,"HIF1A",3156,"HMGCR",1,0.0015,0.193,0.511,0,0
"hsa-mir-518c-5p","hsa-mir-7-1-3p",3091,"HIF1A",3156,"HMGCR",1,0,0.619,0.358,0.0045,0.0248073403745809
"hsa-mir-125b-5p","hsa-mir-497-3p",3091,"HIF1A",3156,"HMGCR",1,5e-04,0.2065,0.038,0.002,0.0134607004370037
"hsa-mir-130a-3p","hsa-mir-7-1-3p",3091,"HIF1A",3156,"HMGCR",1,0,0.505,0.3635,5e-04,0.00443296712206591
"hsa-let-7b-5p","hsa-mir-411-5p",367,"AR",3178,"HNRNPA1",1,0,0.0255,0.53,0,0
"hsa-let-7b-5p","hsa-mir-518c-5p",367,"AR",3178,"HNRNPA1",1,0,0.0265,0.499,0,0
"hsa-mir-195-3p","hsa-mir-411-5p",367,"AR",3178,"HNRNPA1",1,0.0065,0.0135,0.533,0.0065,0.0324104879160967
"hsa-mir-31-5p","hsa-mir-381-3p",367,"AR",3178,"HNRNPA1",1,0,0.1635,0.229,0.0085,0.0393354775910957
"hsa-let-7b-5p","hsa-mir-323a-3p",367,"AR",3178,"HNRNPA1",1,0,0.0325,0.5455,0.0075,0.0358980980937165
"hsa-let-7b-5p","hsa-mir-381-3p",367,"AR",3178,"HNRNPA1",1,0,0.0285,0.198,0.001,0.00782846506300114
"hsa-mir-125a-5p","hsa-mir-30c-2-3p",4150,"MAZ",3185,"HNRNPF",1,0.0025,0.0115,0.101,0.0025,0.0159618135637754
"hsa-mir-127-3p","hsa-mir-383-5p",144455,"E2F7",3190,"HNRNPK",1,0.0025,0.1045,0.015,0.004,0.0227281560965471
"hsa-mir-3065-5p","hsa-mir-497-5p",144455,"E2F7",3190,"HNRNPK",1,0.008,0.1425,0.044,0.0065,0.0324104879160967
"hsa-mir-134-5p","hsa-mir-199a-3p",196528,"ARID2",3191,"HNRNPL",1,0.0095,0.014,0.0275,0.006,0.0306554527614242
"hsa-mir-1304-5p","hsa-mir-149-5p",3725,"JUN",3371,"TNC",1,0.0015,0.1425,0.753,5e-04,0.00443296712206591
"hsa-mir-1304-5p","hsa-mir-149-3p",3725,"JUN",3371,"TNC",1,0.001,0.1935,0.2855,0.002,0.0134607004370037
"hsa-let-7b-5p","hsa-mir-519d-3p",1874,"E2F4",3455,"IFNAR2",1,0.002,0.2635,0.4475,0,0
"hsa-let-7b-5p","hsa-mir-520d-3p",1874,"E2F4",3455,"IFNAR2",1,0.0045,0.4305,0.6555,5e-04,0.00443296712206591
"hsa-let-7b-5p","hsa-mir-519c-3p",1874,"E2F4",3455,"IFNAR2",1,0.003,0.423,0.4995,5e-04,0.00443296712206591
"hsa-let-7b-5p","hsa-mir-519a-3p",1874,"E2F4",3455,"IFNAR2",1,0.0035,0.265,0.3845,5e-04,0.00443296712206591
"hsa-let-7b-5p","hsa-mir-520a-3p",1874,"E2F4",3455,"IFNAR2",1,0.0045,0.3305,0.441,0,0
"hsa-mir-125a-5p","hsa-mir-514a-3p",4773,"NFATC2",3458,"IFNG",1,0,0.0615,0.1235,0.008,0.0376461677497095
"hsa-mir-142-3p","hsa-mir-181a-5p",2099,"ESR1",3487,"IGFBP4",1,5e-04,0.035,0.0365,0.0035,0.0205773428678961
"hsa-mir-130a-3p","hsa-mir-204-5p",3091,"HIF1A",3553,"IL1B",1,0,0.0875,0.3745,0.004,0.0227281560965471
"hsa-mir-106a-5p","hsa-mir-20b-5p",3659,"IRF1",3586,"IL10",1,5e-04,0.2135,0.105,0.007,0.0341537157263012
"hsa-mir-106a-5p","hsa-mir-20b-5p",6774,"STAT3",3586,"IL10",1,0,0.2135,0.105,0.007,0.0341537157263012
"hsa-mir-766-3p","hsa-mir-935",3091,"HIF1A",3611,"ILK",1,0.006,0.052,0.1185,0.0015,0.0107739096163952
"hsa-let-7b-5p","hsa-mir-520h",5089,"PBX2",3720,"JARID2",1,0,0.079,0.103,0,0
"hsa-mir-101-5p","hsa-mir-125b-5p",10765,"KDM5B",3720,"JARID2",1,5e-04,0.015,0.019,5e-04,0.00443296712206591
"hsa-let-7b-5p","hsa-mir-125a-5p",5089,"PBX2",3720,"JARID2",1,0,0.0655,0.025,5e-04,0.00443296712206591
"hsa-mir-125b-5p","hsa-mir-519c-3p",10765,"KDM5B",3720,"JARID2",1,0.0015,0.022,0.108,0,0
"hsa-let-7b-5p","hsa-mir-31-5p",5089,"PBX2",3720,"JARID2",1,0,0.059,0.0615,5e-04,0.00443296712206591
"hsa-mir-101-5p","hsa-mir-497-5p",10765,"KDM5B",3720,"JARID2",1,5e-04,0.019,0.1015,0.008,0.0376461677497095
"hsa-mir-101-5p","hsa-mir-195-5p",10765,"KDM5B",3720,"JARID2",1,0,0.0245,0.205,0,0
"hsa-mir-125b-5p","hsa-mir-145-5p",10765,"KDM5B",3720,"JARID2",1,0.0015,0.0155,0.0135,0.0055,0.0287304256437204
"hsa-mir-125b-5p","hsa-mir-519a-3p",10765,"KDM5B",3720,"JARID2",1,5e-04,0.0175,0.1085,5e-04,0.00443296712206591
"hsa-mir-101-5p","hsa-mir-520g-3p",10765,"KDM5B",3720,"JARID2",1,5e-04,0.0145,0.0875,0,0
"hsa-mir-101-5p","hsa-mir-31-5p",10765,"KDM5B",3720,"JARID2",1,5e-04,0.0145,0.059,0,0
"hsa-mir-101-5p","hsa-mir-125a-5p",10765,"KDM5B",3720,"JARID2",1,0,0.0165,0.019,0.001,0.00782846506300114
"hsa-let-7b-5p","hsa-mir-125b-5p",5089,"PBX2",3720,"JARID2",1,0,0.0655,0.0205,0,0
"hsa-mir-101-5p","hsa-mir-520h",10765,"KDM5B",3720,"JARID2",1,5e-04,0.0125,0.113,0,0
"hsa-mir-181a-5p","hsa-mir-181c-3p",1050,"CEBPA",3778,"KCNMA1",1,0,0.039,0.0255,0.0035,0.0205773428678961
"hsa-mir-181c-3p","hsa-mir-199b-5p",3726,"JUNB",3778,"KCNMA1",1,0,0.02,0.454,0.0025,0.0159618135637754
"hsa-mir-181a-5p","hsa-mir-766-3p",1050,"CEBPA",3778,"KCNMA1",1,0,0.023,0.012,5e-04,0.00443296712206591
"hsa-mir-17-5p","hsa-mir-548d-3p",1050,"CEBPA",3778,"KCNMA1",1,0,0.102,0.054,0.0045,0.0248073403745809
"hsa-mir-17-5p","hsa-mir-181a-5p",1050,"CEBPA",3778,"KCNMA1",1,0,0.0955,0.0165,0,0
"hsa-mir-181c-5p","hsa-mir-3065-5p",6667,"SP1",3815,"KIT",1,0,0.262,0.1245,0.0035,0.0205773428678961
"hsa-mir-33a-3p","hsa-mir-3942-5p",6938,"TCF12",3983,"ABLIM1",1,0,0.304,0.1415,0.0075,0.0358980980937165
"hsa-mir-183-5p","hsa-mir-96-5p",6667,"SP1",4089,"SMAD4",1,0.005,0.032,0.4455,0.0025,0.0159618135637754
"hsa-mir-130b-3p","hsa-mir-195-5p",6667,"SP1",4144,"MAT2A",1,5e-04,0.013,0.037,0.001,0.00782846506300114
"hsa-mir-3065-3p","hsa-mir-7-5p",6667,"SP1",4144,"MAT2A",1,0,0.1895,0.111,0.0085,0.0393354775910957
"hsa-mir-15b-3p","hsa-mir-196b-5p",6667,"SP1",4144,"MAT2A",1,0.0065,0.037,0.02,0.0055,0.0287304256437204
"hsa-mir-130b-3p","hsa-mir-195-5p",4790,"NFKB1",4144,"MAT2A",1,0,0.013,0.037,0.001,0.00782846506300114
"hsa-mir-3065-5p","hsa-mir-940",6667,"SP1",4144,"MAT2A",1,0,0.0155,0.023,0.0035,0.0205773428678961
"hsa-mir-383-5p","hsa-mir-497-3p",6667,"SP1",4144,"MAT2A",1,0,0.6745,0.2255,0.0035,0.0205773428678961
"hsa-mir-187-3p","hsa-mir-3065-5p",6938,"TCF12",4154,"MBNL1",1,0.0055,0.018,0.03,5e-04,0.00443296712206591
"hsa-mir-136-5p","hsa-mir-199a-3p",4801,"NFYB",4154,"MBNL1",1,0,0.0205,0.3285,0.006,0.0306554527614242
"hsa-mir-130a-3p","hsa-mir-130a-5p",3091,"HIF1A",4170,"MCL1",1,0,0.0835,0.0425,0.002,0.0134607004370037
"hsa-mir-130a-3p","hsa-mir-497-5p",3091,"HIF1A",4170,"MCL1",1,0,0.089,0.6285,0.002,0.0134607004370037
"hsa-mir-130a-5p","hsa-mir-935",3091,"HIF1A",4170,"MCL1",1,0,0.064,0.9555,0.0025,0.0159618135637754
"hsa-mir-130a-5p","hsa-mir-301b-3p",6667,"SP1",4170,"MCL1",1,0.0025,0.0455,0.0165,0.003,0.0183351871000196
"hsa-mir-130a-3p","hsa-mir-195-5p",6667,"SP1",4170,"MCL1",1,0,0.085,0.7915,0.0015,0.0107739096163952
"hsa-mir-130a-3p","hsa-mir-195-5p",3091,"HIF1A",4170,"MCL1",1,0,0.085,0.7915,0.0015,0.0107739096163952
"hsa-mir-130a-3p","hsa-mir-130a-5p",6667,"SP1",4170,"MCL1",1,0,0.0835,0.0425,0.002,0.0134607004370037
"hsa-mir-130a-3p","hsa-mir-497-5p",6667,"SP1",4170,"MCL1",1,0,0.089,0.6285,0.002,0.0134607004370037
"hsa-let-7b-5p","hsa-mir-519a-3p",1874,"E2F4",4176,"MCM7",1,0.0035,0.012,0.12,0,0
"hsa-let-7b-5p","hsa-mir-520d-3p",1874,"E2F4",4176,"MCM7",1,0.0045,0.0155,0.068,0,0
"hsa-let-7b-5p","hsa-mir-520c-3p",1874,"E2F4",4176,"MCM7",1,0.005,0.012,0.123,0,0
"hsa-mir-224-3p","hsa-mir-33b-5p",7291,"TWIST1",4193,"MDM2",1,0,0.072,0.023,0.0085,0.0393354775910957
"hsa-mir-125b-5p","hsa-mir-514a-3p",7157,"TP53",4194,"MDM4",1,0,0.032,0.046,0.003,0.0183351871000196
"hsa-let-7b-5p","hsa-mir-125b-5p",7157,"TP53",4194,"MDM4",1,0,0.0865,0.039,0,0
"hsa-mir-125b-5p","hsa-mir-508-3p",7157,"TP53",4194,"MDM4",1,0,0.0285,0.09,0.0075,0.0358980980937165
"hsa-mir-125a-5p","hsa-mir-379-5p",7157,"TP53",4194,"MDM4",1,0,0.0115,0.0115,0.0035,0.0205773428678961
"hsa-mir-142-3p","hsa-mir-18a-5p",3660,"IRF2",4261,"CIITA",1,0.0055,0.0305,0.052,0.0085,0.0393354775910957
"hsa-mir-519a-3p","hsa-mir-519d-3p",3660,"IRF2",4277,"MICB",1,0.003,0.164,0.118,0.006,0.0306554527614242
"hsa-mir-136-5p","hsa-mir-377-5p",3660,"IRF2",4277,"MICB",1,0,0.104,0.1875,0.004,0.0227281560965471
"hsa-mir-519d-3p","hsa-mir-520a-3p",3660,"IRF2",4277,"MICB",1,0.002,0.159,0.1185,0.0015,0.0107739096163952
"hsa-mir-519c-3p","hsa-mir-519d-3p",3660,"IRF2",4277,"MICB",1,0.0055,0.149,0.153,0.007,0.0341537157263012
"hsa-mir-519d-3p","hsa-mir-520d-3p",3660,"IRF2",4277,"MICB",1,0.007,0.143,0.114,5e-04,0.00443296712206591
"hsa-mir-181c-5p","hsa-mir-200c-3p",1385,"CREB1",4286,"MITF",1,0,0.049,0.717,0.0045,0.0248073403745809
"hsa-let-7b-5p","hsa-mir-520h",7157,"TP53",4288,"MKI67",1,0,0.015,0.035,0,0
"hsa-let-7b-5p","hsa-mir-526b-5p",1874,"E2F4",4288,"MKI67",1,0.0035,0.016,0.065,0,0
"hsa-let-7b-5p","hsa-mir-520h",1874,"E2F4",4288,"MKI67",1,0.0015,0.015,0.035,0,0
"hsa-let-7b-5p","hsa-mir-519d-3p",7157,"TP53",4288,"MKI67",1,5e-04,0.014,0.063,0,0
"hsa-let-7b-5p","hsa-mir-520g-3p",1874,"E2F4",4288,"MKI67",1,0.004,0.0145,0.053,0,0
"hsa-mir-30a-5p","hsa-mir-520g-3p",7157,"TP53",4288,"MKI67",1,0,0.0235,0.04,0.0095,0.0426185562780775
"hsa-mir-30a-3p","hsa-mir-377-5p",1874,"E2F4",4288,"MKI67",1,5e-04,0.0185,0.229,5e-04,0.00443296712206591
"hsa-let-7b-5p","hsa-mir-526b-5p",7157,"TP53",4288,"MKI67",1,0,0.016,0.065,0,0
"hsa-let-7b-5p","hsa-mir-519d-3p",1874,"E2F4",4288,"MKI67",1,0.002,0.014,0.063,0,0
"hsa-let-7b-5p","hsa-mir-520g-3p",7157,"TP53",4288,"MKI67",1,0,0.0145,0.053,0,0
"hsa-mir-128-3p","hsa-mir-450b-5p",3725,"JUN",4313,"MMP2",1,0,0.0105,0.4765,0.0055,0.0287304256437204
"hsa-mir-17-5p","hsa-mir-2355-5p",6667,"SP1",4313,"MMP2",1,0.004,0.0505,0.0955,0.002,0.0134607004370037
"hsa-mir-15a-5p","hsa-mir-17-5p",7020,"TFAP2A",4313,"MMP2",1,0,0.0185,0.0465,0.0035,0.0205773428678961
"hsa-mir-15a-5p","hsa-mir-20a-5p",7020,"TFAP2A",4313,"MMP2",1,5e-04,0.0245,0.013,5e-04,0.00443296712206591
"hsa-mir-181d-5p","hsa-mir-3065-5p",7157,"TP53",4363,"ABCC1",1,0.0035,0.167,0.192,5e-04,0.00443296712206591
"hsa-let-7b-5p","hsa-mir-30a-5p",7157,"TP53",4436,"MSH2",1,0,0.06,0.024,0.0075,0.0358980980937165
"hsa-let-7b-5p","hsa-mir-30a-5p",1874,"E2F4",4436,"MSH2",1,0.0045,0.06,0.024,0.0075,0.0358980980937165
"hsa-mir-30a-5p","hsa-mir-381-3p",367,"AR",4609,"MYC",1,0.0045,0.025,0.1285,0.0095,0.0426185562780775
"hsa-mir-31-5p","hsa-mir-512-5p",367,"AR",4609,"MYC",1,0,0.047,0.159,0.0075,0.0358980980937165
"hsa-let-7b-5p","hsa-mir-31-5p",367,"AR",4609,"MYC",1,0,0.152,0.0495,0.0055,0.0287304256437204
"hsa-mir-30a-3p","hsa-mir-381-3p",367,"AR",4609,"MYC",1,0.0015,0.0335,0.168,0.0035,0.0205773428678961
"hsa-mir-577","hsa-mir-99a-5p",639,"PRDM1",4609,"MYC",-1,0.003,0.028,0.018,0.0095,0.0426185562780775
"hsa-let-7b-5p","hsa-mir-519d-3p",1875,"E2F5",4609,"MYC",1,0.0065,0.1715,0.1145,0.001,0.00782846506300114
"hsa-mir-31-5p","hsa-mir-516a-5p",367,"AR",4609,"MYC",1,0,0.0495,0.1655,0.001,0.00782846506300114
"hsa-mir-141-3p","hsa-mir-497-5p",2625,"GATA3",4609,"MYC",1,0,0.0135,0.069,5e-04,0.00443296712206591
"hsa-mir-181d-5p","hsa-mir-497-5p",1875,"E2F5",4609,"MYC",1,0.0095,0.0535,0.0515,5e-04,0.00443296712206591
"hsa-mir-141-3p","hsa-mir-195-3p",2625,"GATA3",4609,"MYC",1,0,0.0185,0.0715,5e-04,0.00443296712206591
"hsa-mir-141-3p","hsa-mir-195-5p",2625,"GATA3",4609,"MYC",1,0,0.012,0.039,0.007,0.0341537157263012
"hsa-mir-181c-5p","hsa-mir-195-3p",1875,"E2F5",4609,"MYC",1,0.004,0.4775,0.072,0.0075,0.0358980980937165
"hsa-mir-181c-5p","hsa-mir-497-5p",1875,"E2F5",4609,"MYC",1,0.0045,0.489,0.0365,0.0065,0.0324104879160967
"hsa-mir-130a-3p","hsa-mir-497-3p",6908,"TBP",4609,"MYC",1,5e-04,0.1275,0.0665,0.005,0.0268154396978763
"hsa-let-7b-5p","hsa-mir-519d-3p",1869,"E2F1",4609,"MYC",1,0.0035,0.1715,0.1145,0.001,0.00782846506300114
"hsa-mir-2355-3p","hsa-mir-376b-3p",10765,"KDM5B",4627,"MYH9",1,0.0015,0.015,0.1785,0.004,0.0227281560965471
"hsa-mir-301b-3p","hsa-mir-9-5p",1316,"KLF6",4627,"MYH9",1,0.0025,0.0125,0.4995,0.0065,0.0324104879160967
"hsa-mir-141-3p","hsa-mir-196a-5p",51274,"KLF3",4644,"MYO5A",1,0.004,0.0175,0.018,0,0
"hsa-let-7b-5p","hsa-mir-30a-5p",1874,"E2F4",4691,"NCL",1,0.0045,0.0255,0.22,0.007,0.0341537157263012
"hsa-let-7b-5p","hsa-mir-199b-5p",1874,"E2F4",4691,"NCL",1,0.0025,0.027,0.0815,0.008,0.0376461677497095
"hsa-let-7b-5p","hsa-mir-30a-3p",1874,"E2F4",4691,"NCL",1,5e-04,0.0305,0.0625,0.0055,0.0287304256437204
"hsa-mir-130a-3p","hsa-mir-543",3091,"HIF1A",4846,"NOS3",1,0,0.0115,0.2045,0.0025,0.0159618135637754
"hsa-mir-125a-5p","hsa-mir-516a-5p",4609,"MYC",4869,"NPM1",1,0,0.114,0.5155,0.0045,0.0248073403745809
"hsa-mir-125a-5p","hsa-mir-512-5p",4609,"MYC",4869,"NPM1",1,0,0.0785,0.8055,0.001,0.00782846506300114
"hsa-mir-301b-3p","hsa-mir-766-3p",6774,"STAT3",4919,"ROR1",1,0,0.083,0.015,0.0015,0.0107739096163952
"hsa-let-7b-5p","hsa-mir-485-3p",4801,"NFYB",4925,"NUCB2",1,5e-04,0.081,0.174,0.007,0.0341537157263012
"hsa-mir-130a-3p","hsa-mir-495-3p",6925,"TCF4",5097,"PCDH1",1,0,0.0795,0.3205,5e-04,0.00443296712206591
"hsa-mir-3680-3p","hsa-mir-520h",9575,"CLOCK",5130,"PCYT1A",1,0.008,0.7135,0.448,0.0065,0.0324104879160967
"hsa-mir-3065-3p","hsa-mir-30a-5p",2309,"FOXO3",5290,"PIK3CA",1,0.003,0.0525,0.0145,0.009,0.0409841540864133
"hsa-mir-15b-5p","hsa-mir-592",4609,"MYC",5315,"PKM",1,0,0.15,0.2055,0,0
"hsa-mir-130b-3p","hsa-mir-15b-5p",4609,"MYC",5315,"PKM",1,0,0.0575,0.1595,0.0065,0.0324104879160967
"hsa-mir-15b-5p","hsa-mir-33a-5p",4609,"MYC",5315,"PKM",1,0,0.146,0.636,0.003,0.0183351871000196
"hsa-mir-576-5p","hsa-mir-96-5p",3091,"HIF1A",5315,"PKM",1,5e-04,0.0345,0.4265,0,0
"hsa-let-7b-5p","hsa-mir-519d-3p",1869,"E2F1",5347,"PLK1",1,0.0035,0.0215,0.0735,0,0
"hsa-mir-130a-3p","hsa-mir-181d-5p",3091,"HIF1A",5366,"PMAIP1",1,0,0.0265,0.0285,0.007,0.0341537157263012
"hsa-mir-181d-5p","hsa-mir-3065-5p",7157,"TP53",5366,"PMAIP1",1,0.0035,0.0275,0.0135,0.0025,0.0159618135637754
"hsa-mir-183-5p","hsa-mir-429",27086,"FOXP1",5366,"PMAIP1",-1,0.002,0.427,0.0545,0.009,0.0409841540864133
"hsa-mir-429","hsa-mir-889-3p",3091,"HIF1A",5366,"PMAIP1",1,0,0.041,0.2215,0.005,0.0268154396978763
"hsa-let-7b-5p","hsa-mir-31-5p",367,"AR",5528,"PPP2R5D",1,0,0.0615,0.235,0,0
"hsa-mir-195-3p","hsa-mir-199a-3p",367,"AR",5528,"PPP2R5D",1,0.002,0.046,0.141,5e-04,0.00443296712206591
"hsa-let-7b-5p","hsa-mir-519d-3p",1869,"E2F1",5558,"PRIM2",1,0.0035,0.011,0.4645,0,0
"hsa-mir-150-5p","hsa-mir-940",5914,"RARA",5578,"PRKCA",1,0.002,0.0325,0.0145,0.001,0.00782846506300114
"hsa-mir-101-5p","hsa-mir-130a-3p",4609,"MYC",5591,"PRKDC",1,0.0025,0.348,0.139,0.005,0.0268154396978763
"hsa-mir-125a-5p","hsa-mir-199b-3p",7157,"TP53",5599,"MAPK8",1,0,0.5535,0.3515,0,0
"hsa-mir-125a-5p","hsa-mir-199a-3p",7157,"TP53",5599,"MAPK8",1,0,0.5625,0.4405,0,0
"hsa-mir-130a-3p","hsa-mir-494-3p",6772,"STAT1",5610,"EIF2AK2",1,0.0015,0.3695,0.127,0.0055,0.0287304256437204
"hsa-mir-429","hsa-mir-512-5p",4609,"MYC",5728,"PTEN",1,0.003,0.012,0.0315,0.003,0.0183351871000196
"hsa-mir-181c-5p","hsa-mir-3065-5p",6667,"SP1",5743,"PTGS2",1,0,0.045,0.015,0.004,0.0227281560965471
"hsa-mir-141-3p","hsa-mir-195-3p",367,"AR",5743,"PTGS2",-1,0.0015,0.3965,0.0405,5e-04,0.00443296712206591
"hsa-let-7b-5p","hsa-mir-512-5p",1390,"CREM",5757,"PTMA",1,0,0.0555,0.851,0,0
"hsa-let-7b-5p","hsa-mir-512-5p",1875,"E2F5",5757,"PTMA",1,0.0045,0.0555,0.851,0,0
"hsa-mir-33a-3p","hsa-mir-377-3p",7003,"TEAD1",5915,"RARB",1,0.0095,0.022,0.267,0.005,0.0268154396978763
"hsa-mir-299-5p","hsa-mir-519d-3p",6667,"SP1",5925,"RB1",1,5e-04,0.5205,0.667,0.0085,0.0393354775910957
"hsa-mir-299-5p","hsa-mir-519c-3p",6667,"SP1",5925,"RB1",1,0.001,0.4755,0.654,0.0065,0.0324104879160967
"hsa-mir-17-5p","hsa-mir-215-5p",1958,"EGR1",5934,"RBL2",1,0,0.251,0.099,0.0095,0.0426185562780775
"hsa-mir-17-5p","hsa-mir-215-5p",10664,"CTCF",5934,"RBL2",1,0,0.251,0.099,0.0095,0.0426185562780775
"hsa-mir-106a-5p","hsa-mir-215-5p",10664,"CTCF",5934,"RBL2",1,0,0.101,0.0745,0.0085,0.0393354775910957
"hsa-mir-106a-5p","hsa-mir-215-5p",1958,"EGR1",5934,"RBL2",1,0,0.101,0.0745,0.0085,0.0393354775910957
"hsa-mir-3065-3p","hsa-mir-30a-3p",6667,"SP1",5966,"REL",1,0,0.2585,0.0285,0,0
"hsa-mir-3065-5p","hsa-mir-30a-5p",6667,"SP1",5966,"REL",1,0,0.092,0.0515,0,0
"hsa-mir-130a-3p","hsa-mir-196a-5p",6667,"SP1",6095,"RORA",1,0,0.179,0.1055,0,0
"hsa-mir-130a-3p","hsa-mir-92b-3p",6667,"SP1",6095,"RORA",1,0,0.2385,0.0175,0,0
"hsa-mir-130a-3p","hsa-mir-196a-5p",3091,"HIF1A",6095,"RORA",1,0,0.179,0.1055,0,0
"hsa-mir-150-5p","hsa-mir-96-5p",6667,"SP1",6095,"RORA",1,0.001,0.0255,0.9525,0,0
"hsa-mir-130a-3p","hsa-mir-92b-3p",3091,"HIF1A",6095,"RORA",1,0,0.2385,0.0175,0,0
"hsa-mir-33b-3p","hsa-mir-885-5p",6667,"SP1",6095,"RORA",1,5e-04,0.0445,0.8455,0.006,0.0306554527614242
"hsa-mir-135b-5p","hsa-mir-17-5p",2308,"FOXO1",6197,"RPS6KA3",1,5e-04,0.2815,0.127,0,0
"hsa-mir-135b-5p","hsa-mir-181b-5p",2308,"FOXO1",6197,"RPS6KA3",1,0,0.276,0.6175,0.0055,0.0287304256437204
"hsa-mir-135b-5p","hsa-mir-20a-5p",2308,"FOXO1",6197,"RPS6KA3",1,5e-04,0.2875,0.4665,0,0
"hsa-mir-135b-5p","hsa-mir-15a-5p",2308,"FOXO1",6197,"RPS6KA3",1,5e-04,0.286,0.141,0.007,0.0341537157263012
"hsa-let-7b-5p","hsa-mir-182-5p",1869,"E2F1",6241,"RRM2",1,0.0015,0.0135,0.0505,0.009,0.0409841540864133
"hsa-mir-150-5p","hsa-mir-155-3p",6667,"SP1",6374,"CXCL5",1,0.001,0.012,0.101,0.002,0.0134607004370037
"hsa-let-7b-5p","hsa-mir-518a-3p",1874,"E2F4",6421,"SFPQ",1,0.0035,0.0105,0.185,0,0
"hsa-mir-30a-3p","hsa-mir-377-5p",1874,"E2F4",6421,"SFPQ",1,5e-04,0.03,0.1395,0.0085,0.0393354775910957
"hsa-let-7b-5p","hsa-mir-30a-3p",1874,"E2F4",6421,"SFPQ",1,5e-04,0.0105,0.0165,0.002,0.0134607004370037
"hsa-mir-16-2-3p","hsa-mir-766-3p",1874,"E2F4",6500,"SKP1",1,0,0.0635,0.1695,0,0
"hsa-let-7b-5p","hsa-mir-519d-3p",1869,"E2F1",6502,"SKP2",1,0.0035,0.0185,0.629,0,0
"hsa-mir-125b-5p","hsa-mir-30a-3p",4609,"MYC",6573,"SLC19A1",1,0.004,0.6535,0.07,0,0
"hsa-mir-125b-5p","hsa-mir-30a-5p",4609,"MYC",6573,"SLC19A1",1,0.004,0.6595,0.103,5e-04,0.00443296712206591
"hsa-mir-195-3p","hsa-mir-519d-3p",367,"AR",6659,"SOX4",1,0.0025,0.067,0.454,0.001,0.00782846506300114
"hsa-mir-195-3p","hsa-mir-3065-5p",367,"AR",6659,"SOX4",1,0.0025,0.078,0.024,0.001,0.00782846506300114
"hsa-mir-195-3p","hsa-mir-519a-3p",367,"AR",6659,"SOX4",1,0.001,0.0735,0.4885,0.0015,0.0107739096163952
"hsa-mir-125b-5p","hsa-mir-195-3p",367,"AR",6659,"SOX4",1,0,0.019,0.084,0,0
"hsa-mir-125b-5p","hsa-mir-31-5p",367,"AR",6659,"SOX4",1,0,0.0175,0.292,0,0
"hsa-mir-30a-5p","hsa-mir-30c-2-3p",367,"AR",6659,"SOX4",1,0.0015,0.023,0.0195,0.001,0.00782846506300114
"hsa-let-7b-5p","hsa-mir-125b-5p",367,"AR",6659,"SOX4",1,0,0.1095,0.019,0,0
"hsa-let-7b-5p","hsa-mir-519a-3p",367,"AR",6659,"SOX4",1,0,0.109,0.501,0,0
"hsa-mir-125b-5p","hsa-mir-381-3p",367,"AR",6659,"SOX4",1,0,0.018,0.0815,0,0
"hsa-let-7b-5p","hsa-mir-125a-5p",367,"AR",6659,"SOX4",1,0,0.1045,0.0135,0.0015,0.0107739096163952
"hsa-mir-195-3p","hsa-mir-519c-3p",367,"AR",6659,"SOX4",1,0.0035,0.068,0.5115,0,0
"hsa-let-7b-5p","hsa-mir-145-5p",2099,"ESR1",6670,"SP3",1,0.0045,0.605,0.316,0.009,0.0409841540864133
"hsa-mir-141-3p","hsa-mir-485-3p",4090,"SMAD5",6670,"SP3",1,0.0035,0.1595,0.02,0.0045,0.0248073403745809
"hsa-mir-20b-5p","hsa-mir-323a-3p",1869,"E2F1",6670,"SP3",-1,0,0.3755,0.0475,0.007,0.0341537157263012
"hsa-let-7b-5p","hsa-mir-145-5p",6667,"SP1",6670,"SP3",1,0,0.605,0.316,0.009,0.0409841540864133
"hsa-let-7b-5p","hsa-mir-145-5p",4090,"SMAD5",6670,"SP3",1,0,0.605,0.316,0.009,0.0409841540864133
"hsa-mir-30a-3p","hsa-mir-31-5p",6667,"SP1",6670,"SP3",1,0.004,0.386,0.3185,0,0
"hsa-let-7b-5p","hsa-mir-30c-2-3p",4090,"SMAD5",6670,"SP3",1,0,0.6005,0.491,0.003,0.0183351871000196
"hsa-mir-141-3p","hsa-mir-4326",4800,"NFYA",6670,"SP3",1,0,0.1485,0.2555,0.003,0.0183351871000196
"hsa-mir-203a-3p","hsa-mir-504-5p",7157,"TP53",6850,"SYK",1,0.006,0.778,0.752,0.0055,0.0287304256437204
"hsa-mir-195-5p","hsa-mir-452-5p",51176,"LEF1",6929,"TCF3",1,0.006,0.0575,0.8865,0.0015,0.0107739096163952
"hsa-mir-19a-3p","hsa-mir-299-3p",3091,"HIF1A",7018,"TF",1,0,0.08,0.0195,0.001,0.00782846506300114
"hsa-mir-19a-3p","hsa-mir-497-3p",3091,"HIF1A",7018,"TF",1,0,0.09,0.0645,0,0
"hsa-mir-30c-2-3p","hsa-mir-676-3p",1876,"E2F6",7023,"TFAP4",-1,0.003,0.0105,0.078,5e-04,0.00443296712206591
"hsa-mir-125b-5p","hsa-mir-130a-3p",4609,"MYC",7037,"TFRC",1,0.005,0.2035,0.157,0,0
"hsa-mir-142-5p","hsa-mir-181d-5p",3091,"HIF1A",7037,"TFRC",1,5e-04,0.023,0.176,0.002,0.0134607004370037
"hsa-mir-16-2-3p","hsa-mir-196b-5p",4609,"MYC",7037,"TFRC",1,0,0.065,0.0165,0.003,0.0183351871000196
"hsa-mir-130a-3p","hsa-mir-450b-5p",3091,"HIF1A",7037,"TFRC",1,0,0.162,0.0375,0.004,0.0227281560965471
"hsa-mir-450b-5p","hsa-mir-497-5p",4609,"MYC",7037,"TFRC",1,0,0.0415,0.0145,0.0035,0.0205773428678961
"hsa-mir-125b-5p","hsa-mir-130a-3p",3091,"HIF1A",7037,"TFRC",1,0.0015,0.2035,0.157,0,0
"hsa-mir-16-2-3p","hsa-mir-181d-5p",3091,"HIF1A",7037,"TFRC",1,0,0.0375,0.2355,0.003,0.0183351871000196
"hsa-mir-301b-3p","hsa-mir-450b-5p",4609,"MYC",7037,"TFRC",1,0,0.574,0.0385,0.0075,0.0358980980937165
"hsa-mir-125b-5p","hsa-mir-299-5p",3091,"HIF1A",7037,"TFRC",1,0,0.27,0.198,0.006,0.0306554527614242
"hsa-mir-16-2-3p","hsa-mir-181d-5p",4609,"MYC",7037,"TFRC",1,5e-04,0.0375,0.2355,0.003,0.0183351871000196
"hsa-mir-16-2-3p","hsa-mir-196b-5p",3091,"HIF1A",7037,"TFRC",1,0,0.065,0.0165,0.003,0.0183351871000196
"hsa-mir-125b-5p","hsa-mir-195-3p",4609,"MYC",7037,"TFRC",1,0.004,0.26,0.023,0.001,0.00782846506300114
"hsa-mir-33a-3p","hsa-mir-545-5p",4780,"NFE2L2",7050,"TGIF1",1,5e-04,0.192,0.016,0.0065,0.0324104879160967
"hsa-mir-205-5p","hsa-mir-363-5p",4790,"NFKB1",7076,"TIMP1",-1,0.002,0.106,0.019,0.007,0.0341537157263012
"hsa-let-7b-5p","hsa-mir-512-5p",1874,"E2F4",7112,"TMPO",1,0.004,0.1615,0.6485,0,0
"hsa-let-7b-3p","hsa-let-7b-5p",1874,"E2F4",7112,"TMPO",1,0.001,0.0825,0.1625,0.005,0.0268154396978763
"hsa-let-7b-5p","hsa-mir-520h",1874,"E2F4",7112,"TMPO",1,0.0015,0.1565,0.582,0,0
"hsa-mir-181d-5p","hsa-mir-33a-5p",4779,"NFE2L1",7145,"TNS1",1,5e-04,0.0185,0.021,0.001,0.00782846506300114
"hsa-mir-129-5p","hsa-mir-33a-5p",9575,"CLOCK",7145,"TNS1",1,0.0075,0.105,0.012,0.008,0.0376461677497095
"hsa-mir-205-5p","hsa-mir-33a-5p",860,"RUNX2",7145,"TNS1",1,5e-04,0.333,0.021,0.002,0.0134607004370037
"hsa-mir-203a-3p","hsa-mir-497-5p",4609,"MYC",7150,"TOP1",1,0.006,0.223,0.094,0.0095,0.0426185562780775
"hsa-let-7b-5p","hsa-mir-182-5p",1874,"E2F4",7153,"TOP2A",1,0.0015,0.0455,0.1145,0.0065,0.0324104879160967
"hsa-mir-320d","hsa-mir-760",6925,"TCF4",7227,"TRPS1",1,0.002,0.303,0.085,0.006,0.0306554527614242
"hsa-mir-18b-5p","hsa-mir-9-5p",6774,"STAT3",7291,"TWIST1",1,0,0.212,0.011,0.0085,0.0393354775910957
"hsa-mir-181b-5p","hsa-mir-9-5p",6774,"STAT3",7291,"TWIST1",1,0,0.303,0.0105,0,0
"hsa-mir-16-1-3p","hsa-mir-301b-3p",6774,"STAT3",7291,"TWIST1",1,0,0.748,0.2275,0.0015,0.0107739096163952
"hsa-mir-301b-3p","hsa-mir-580-3p",6774,"STAT3",7291,"TWIST1",1,0,0.197,0.052,0.0085,0.0393354775910957
"hsa-mir-106a-5p","hsa-mir-9-5p",6774,"STAT3",7291,"TWIST1",1,0,0.1205,0.017,0.001,0.00782846506300114
"hsa-mir-125a-5p","hsa-mir-30a-5p",7157,"TP53",7332,"UBE2L3",1,0,0.0105,0.1545,0.0075,0.0358980980937165
"hsa-let-7b-5p","hsa-mir-125a-5p",7157,"TP53",7332,"UBE2L3",1,0,0.717,0.011,0.0015,0.0107739096163952
"hsa-mir-125a-5p","hsa-mir-125b-5p",7157,"TP53",7332,"UBE2L3",1,0,0.011,0.0965,5e-04,0.00443296712206591
"hsa-let-7b-5p","hsa-mir-30a-3p",1874,"E2F4",7374,"UNG",1,5e-04,0.4685,0.6675,0.007,0.0341537157263012
"hsa-mir-3065-5p","hsa-mir-504-5p",6667,"SP1",7422,"VEGFA",1,0,0.0505,0.201,0,0
"hsa-mir-141-3p","hsa-mir-183-5p",1958,"EGR1",7422,"VEGFA",1,0.0065,0.2735,0.069,5e-04,0.00443296712206591
"hsa-mir-141-3p","hsa-mir-182-5p",1869,"E2F1",7422,"VEGFA",-1,0.0055,0.32,0.3075,0.0075,0.0358980980937165
"hsa-mir-135a-5p","hsa-mir-99a-3p",860,"RUNX2",7456,"WIPF1",1,0,0.199,0.279,0.0015,0.0107739096163952
"hsa-let-7b-5p","hsa-mir-30a-3p",6667,"SP1",7528,"YY1",1,0,0.3355,0.4145,0.0055,0.0287304256437204
"hsa-let-7b-3p","hsa-mir-31-3p",6667,"SP1",7528,"YY1",1,0,0.63,0.1715,0,0
"hsa-mir-31-5p","hsa-mir-497-5p",6667,"SP1",7528,"YY1",1,0,0.1565,0.068,0.004,0.0227281560965471
"hsa-let-7b-5p","hsa-mir-31-3p",6667,"SP1",7528,"YY1",1,0,0.3495,0.157,0.005,0.0268154396978763
"hsa-mir-125a-5p","hsa-mir-31-3p",6667,"SP1",7528,"YY1",1,0,0.8525,0.184,0.002,0.0134607004370037
"hsa-mir-205-5p","hsa-mir-30c-2-3p",6671,"SP4",7528,"YY1",1,0,0.0135,0.2165,0.0045,0.0248073403745809
"hsa-let-7b-3p","hsa-mir-30a-3p",6667,"SP1",7528,"YY1",1,0,0.6165,0.417,0.001,0.00782846506300114
"hsa-let-7b-5p","hsa-mir-526b-5p",1874,"E2F4",7533,"YWHAH",1,0.0035,0.24,0.417,0,0
"hsa-let-7b-5p","hsa-mir-520a-5p",1874,"E2F4",7533,"YWHAH",1,0.0025,0.2425,0.5385,0,0
"hsa-mir-379-3p","hsa-mir-92b-3p",4899,"NRF1",7536,"SF1",1,0.002,0.044,0.1025,0.0065,0.0324104879160967
"hsa-mir-31-5p","hsa-mir-379-3p",4899,"NRF1",7536,"SF1",1,0.006,0.04,0.0595,0.001,0.00782846506300114
"hsa-mir-181a-5p","hsa-mir-7-5p",6772,"STAT1",7711,"ZNF155",1,0,0.0615,0.156,0.005,0.0268154396978763
"hsa-mir-19a-3p","hsa-mir-96-5p",7528,"YY1",7728,"ZNF175",1,5e-04,0.028,0.644,0.006,0.0306554527614242
"hsa-mir-16-1-3p","hsa-mir-7-1-3p",196,"AHR",7764,"ZNF217",1,0,0.163,0.0795,0.0025,0.0159618135637754
"hsa-mir-130b-3p","hsa-mir-195-5p",688,"KLF5",7764,"ZNF217",1,0,0.017,0.03,0.0095,0.0426185562780775
"hsa-mir-15a-5p","hsa-mir-15b-5p",688,"KLF5",7764,"ZNF217",1,0,0.1215,0.232,0.0035,0.0205773428678961
"hsa-mir-149-5p","hsa-mir-205-5p",4790,"NFKB1",7980,"TFPI2",1,0.007,0.0595,0.0285,0.0085,0.0393354775910957
"hsa-mir-15b-5p","hsa-mir-625-5p",2355,"FOSL2",8061,"FOSL1",1,0,0.0165,0.402,0.006,0.0306554527614242
"hsa-mir-128-3p","hsa-mir-20a-5p",2355,"FOSL2",8061,"FOSL1",1,0,0.346,0.1975,0.0045,0.0248073403745809
"hsa-mir-20a-5p","hsa-mir-7-5p",2353,"FOS",8061,"FOSL1",1,0,0.214,0.53,5e-04,0.00443296712206591
"hsa-mir-17-5p","hsa-mir-625-5p",2355,"FOSL2",8061,"FOSL1",1,0,0.1495,0.397,0.001,0.00782846506300114
"hsa-mir-130b-3p","hsa-mir-20a-5p",2355,"FOSL2",8061,"FOSL1",1,0,0.0895,0.244,0.0035,0.0205773428678961
"hsa-mir-15b-5p","hsa-mir-20a-5p",2355,"FOSL2",8061,"FOSL1",1,0,0.014,0.238,0.007,0.0341537157263012
"hsa-mir-432-5p","hsa-mir-497-3p",27086,"FOXP1",8289,"ARID1A",-1,0,0.1815,0.0325,0.0025,0.0159618135637754
"hsa-let-7a-2-3p","hsa-mir-30a-3p",27086,"FOXP1",8289,"ARID1A",-1,0,0.567,0.053,0,0
"hsa-mir-125a-5p","hsa-mir-221-3p",6929,"TCF3",8312,"AXIN1",1,0,0.3535,0.0545,0,0
"hsa-mir-125b-5p","hsa-mir-221-3p",6929,"TCF3",8312,"AXIN1",1,0.001,0.433,0.0525,5e-04,0.00443296712206591
"hsa-mir-3613-5p","hsa-mir-527",10009,"ZBTB33",8452,"CUL3",1,0,0.309,0.2925,0.0025,0.0159618135637754
"hsa-mir-3613-5p","hsa-mir-518a-5p",10009,"ZBTB33",8452,"CUL3",1,5e-04,0.2985,0.306,0.0075,0.0358980980937165
"hsa-mir-130a-3p","hsa-mir-195-5p",2034,"EPAS1",8553,"BHLHE40",1,0.0075,0.0935,0.017,0.004,0.0227281560965471
"hsa-mir-130a-3p","hsa-mir-195-5p",3091,"HIF1A",8553,"BHLHE40",1,0,0.0935,0.017,0.004,0.0227281560965471
"hsa-mir-130a-3p","hsa-mir-195-5p",23764,"MAFF",8553,"BHLHE40",1,0.0065,0.0935,0.017,0.004,0.0227281560965471
"hsa-mir-130a-5p","hsa-mir-144-3p",51341,"ZBTB7A",8570,"KHSRP",-1,0,0.059,0.0195,0,0
"hsa-mir-33a-3p","hsa-mir-548b-3p",7702,"ZNF143",8648,"NCOA1",1,0,0.2775,0.31,0.0045,0.0248073403745809
"hsa-mir-200b-3p","hsa-mir-518a-5p",2113,"ETS1",8651,"SOCS1",1,0,0.061,0.0125,0.008,0.0376461677497095
"hsa-mir-181d-5p","hsa-mir-30a-5p",367,"AR",8668,"EIF3I",1,0.008,0.0675,0.0385,0.0015,0.0107739096163952
"hsa-mir-30a-5p","hsa-mir-31-5p",367,"AR",8815,"BANF1",1,0.0025,0.0195,0.1005,0.001,0.00782846506300114
"hsa-mir-212-3p","hsa-mir-33a-3p",3662,"IRF4",8837,"CFLAR",1,0,0.069,0.0575,0.006,0.0306554527614242
"hsa-mir-101-5p","hsa-mir-184",4609,"MYC",8837,"CFLAR",-1,5e-04,0.0395,0.2975,0,0
"hsa-mir-18a-5p","hsa-mir-92b-3p",2099,"ESR1",8850,"KAT2B",1,0.009,0.0355,0.1565,0.002,0.0134607004370037
"hsa-mir-30a-3p","hsa-mir-497-5p",571,"BACH1",8871,"SYNJ2",1,0.001,0.566,0.2485,0.006,0.0306554527614242
"hsa-mir-125b-5p","hsa-mir-30a-3p",571,"BACH1",8871,"SYNJ2",1,0,0.4245,0.59,0.0055,0.0287304256437204
"hsa-mir-30a-3p","hsa-mir-497-3p",571,"BACH1",8871,"SYNJ2",1,0,0.6165,0.1845,0.0055,0.0287304256437204
"hsa-mir-31-5p","hsa-mir-497-3p",571,"BACH1",8871,"SYNJ2",1,0.0035,0.4675,0.1875,0.0035,0.0205773428678961
"hsa-let-7b-3p","hsa-mir-31-5p",571,"BACH1",8871,"SYNJ2",1,0.0015,0.2745,0.5055,0.005,0.0268154396978763
"hsa-mir-520g-3p","hsa-mir-654-5p",9189,"ZBED1",8878,"SQSTM1",1,0,0.25,0.2865,0.0045,0.0248073403745809
"hsa-mir-181a-2-3p","hsa-mir-372-3p",7586,"ZKSCAN1",9043,"SPAG9",1,5e-04,0.0125,0.0465,0.008,0.0376461677497095
"hsa-let-7b-5p","hsa-mir-520f-3p",1874,"E2F4",9055,"PRC1",1,0.002,0.0675,0.3295,0.0035,0.0205773428678961
"hsa-let-7b-5p","hsa-mir-512-3p",1874,"E2F4",9055,"PRC1",1,0.0025,0.059,0.3695,0.001,0.00782846506300114
"hsa-mir-34c-5p","hsa-mir-519d-3p",1869,"E2F1",9134,"CCNE2",1,0,0.017,0.3265,0.0065,0.0324104879160967
"hsa-mir-200b-3p","hsa-mir-34b-5p",1385,"CREB1",9221,"NOLC1",1,0.0075,0.345,0.015,0.008,0.0376461677497095
"hsa-mir-34c-5p","hsa-mir-508-5p",3661,"IRF3",9266,"CYTH2",1,0.0025,0.534,0.0385,5e-04,0.00443296712206591
"hsa-mir-181a-5p","hsa-mir-92b-3p",4801,"NFYB",9451,"EIF2AK3",1,0,0.112,0.9415,0.005,0.0268154396978763
"hsa-mir-128-3p","hsa-mir-92b-3p",4801,"NFYB",9451,"EIF2AK3",1,0,0.147,0.945,0.004,0.0227281560965471
"hsa-mir-30a-5p","hsa-mir-377-5p",5316,"PKNOX1",9519,"TBPL1",1,5e-04,0.071,0.016,0.009,0.0409841540864133
"hsa-mir-205-5p","hsa-mir-215-5p",9575,"CLOCK",9628,"RGS6",1,0.002,0.0145,0.2215,0.002,0.0134607004370037
"hsa-mir-15a-5p","hsa-mir-221-3p",2099,"ESR1",9687,"GREB1",1,0.0055,0.012,0.7735,0.0075,0.0358980980937165
"hsa-mir-150-5p","hsa-mir-3157-5p",3662,"IRF4",9910,"RABGAP1L",1,0,0.0105,0.019,0,0
"hsa-mir-150-5p","hsa-mir-3065-5p",3662,"IRF4",9910,"RABGAP1L",1,0,0.0105,0.797,0.0055,0.0287304256437204
"hsa-mir-141-3p","hsa-mir-7-5p",8202,"NCOA3",9931,"HELZ",1,0,0.212,0.6825,0.0095,0.0426185562780775
"hsa-let-7b-5p","hsa-mir-3662",8202,"NCOA3",9969,"MED13",1,0,0.012,0.0215,0.0025,0.0159618135637754
"hsa-mir-130a-3p","hsa-mir-497-5p",3091,"HIF1A",10370,"CITED2",1,0,0.133,0.135,0.002,0.0134607004370037
"hsa-mir-130a-3p","hsa-mir-520h",5629,"PROX1",10371,"SEMA3A",1,5e-04,0.1175,0.7645,0.002,0.0134607004370037
"hsa-mir-130a-3p","hsa-mir-520g-3p",5629,"PROX1",10371,"SEMA3A",1,0,0.122,0.687,0.005,0.0268154396978763
"hsa-mir-20a-5p","hsa-mir-653-5p",6772,"STAT1",10379,"IRF9",1,0,0.5545,0.0105,0.001,0.00782846506300114
"hsa-let-7b-5p","hsa-mir-30a-5p",1874,"E2F4",10403,"NDC80",1,0.0045,0.021,0.022,0.0035,0.0205773428678961
"hsa-mir-125b-5p","hsa-mir-195-3p",4609,"MYC",10483,"SEC23B",1,0.004,0.2025,0.012,0.0025,0.0159618135637754
"hsa-mir-125b-5p","hsa-mir-195-5p",4609,"MYC",10483,"SEC23B",1,0.0025,0.2325,0.017,0.007,0.0341537157263012
"hsa-let-7b-5p","hsa-mir-125b-5p",1874,"E2F4",10592,"SMC2",1,0.003,0.1955,0.187,0,0
"hsa-let-7b-5p","hsa-mir-9-5p",1874,"E2F4",10592,"SMC2",1,0.0025,0.1445,0.0105,0.006,0.0306554527614242
"hsa-let-7b-5p","hsa-mir-383-5p",1874,"E2F4",10592,"SMC2",1,0.001,0.2875,0.021,0.0025,0.0159618135637754
"hsa-mir-142-5p","hsa-mir-4326",2309,"FOXO3",10628,"TXNIP",1,0,0.0535,0.9005,0.005,0.0268154396978763
"hsa-mir-520c-3p","hsa-mir-525-5p",2309,"FOXO3",10628,"TXNIP",1,0,0.183,0.1625,0.003,0.0183351871000196
"hsa-mir-520a-5p","hsa-mir-520c-3p",2309,"FOXO3",10628,"TXNIP",1,0,0.1415,0.256,0.001,0.00782846506300114
"hsa-mir-203a-3p","hsa-mir-377-5p",5090,"PBX3",10666,"CD226",1,0.0085,0.059,0.1335,0.0065,0.0324104879160967
"hsa-mir-125b-5p","hsa-mir-199a-3p",1870,"E2F2",10733,"PLK4",1,0.0065,0.0145,0.387,0.008,0.0376461677497095
"hsa-mir-125b-5p","hsa-mir-182-5p",1870,"E2F2",10733,"PLK4",1,0.006,0.018,0.0435,0.0015,0.0107739096163952
"hsa-mir-512-3p","hsa-mir-520d-3p",6668,"SP2",11100,"HNRNPUL1",1,0.003,0.0715,0.0435,0,0
"hsa-mir-512-3p","hsa-mir-520a-3p",6668,"SP2",11100,"HNRNPUL1",1,0.0035,0.1025,0.0535,0,0
"hsa-mir-512-3p","hsa-mir-518a-5p",6668,"SP2",11100,"HNRNPUL1",1,5e-04,0.0825,0.0845,0.0065,0.0324104879160967
"hsa-mir-19a-3p","hsa-mir-548e-3p",7586,"ZKSCAN1",11176,"BAZ2A",1,5e-04,0.0195,0.1325,0.0065,0.0324104879160967
"hsa-mir-106a-5p","hsa-mir-92b-3p",7586,"ZKSCAN1",11176,"BAZ2A",1,0,0.036,0.9085,0.0065,0.0324104879160967
"hsa-mir-106a-5p","hsa-mir-92b-3p",1820,"ARID3A",11176,"BAZ2A",1,0.0045,0.036,0.9085,0.0065,0.0324104879160967
"hsa-mir-16-1-3p","hsa-mir-376a-5p",3091,"HIF1A",11201,"POLI",1,0,0.28,0.501,0.006,0.0306554527614242
"hsa-let-7b-5p","hsa-mir-520h",1875,"E2F5",11335,"CBX3",1,0.0065,0.0145,0.0795,0,0
"hsa-let-7b-5p","hsa-mir-520g-3p",1875,"E2F5",11335,"CBX3",1,0.0075,0.0115,0.0835,0,0
"hsa-mir-519d-3p","hsa-mir-520g-3p",1875,"E2F5",11335,"CBX3",1,0.0025,0.094,0.103,0.009,0.0409841540864133
"hsa-mir-30c-2-3p","hsa-mir-411-3p",4899,"NRF1",11338,"U2AF2",1,0,0.0115,0.0915,0.0075,0.0358980980937165
"hsa-mir-212-3p","hsa-mir-548t-5p",10765,"KDM5B",23002,"DAAM1",1,5e-04,0.6095,0.0145,0.002,0.0134607004370037
"hsa-mir-142-3p","hsa-mir-212-3p",4205,"MEF2A",23002,"DAAM1",1,0,0.0185,0.53,0.0045,0.0248073403745809
"hsa-mir-15a-5p","hsa-mir-299-5p",7003,"TEAD1",23019,"CNOT1",1,0,0.5575,0.1485,0.0075,0.0358980980937165
"hsa-let-7b-5p","hsa-mir-519d-3p",1869,"E2F1",23076,"RRP1B",1,0.0035,0.014,0.0765,0.003,0.0183351871000196
"hsa-mir-135b-5p","hsa-mir-18b-5p",4205,"MEF2A",23112,"TNRC6B",1,0.0015,0.117,0.5995,0.006,0.0306554527614242
"hsa-mir-135b-5p","hsa-mir-17-5p",4205,"MEF2A",23112,"TNRC6B",1,0.004,0.1215,0.89,0.0065,0.0324104879160967
"hsa-mir-299-5p","hsa-mir-3613-5p",4205,"MEF2A",23112,"TNRC6B",1,0.0085,0.0205,0.9805,0,0
"hsa-mir-128-3p","hsa-mir-299-5p",4205,"MEF2A",23112,"TNRC6B",1,5e-04,0.511,0.024,0.009,0.0409841540864133
"hsa-mir-142-3p","hsa-mir-149-5p",2063,"NR2F6",23151,"GRAMD4",-1,0,0.011,0.2795,0.009,0.0409841540864133
"hsa-mir-7-1-3p","hsa-mir-92a-1-5p",4205,"MEF2A",23167,"EFR3A",1,0,0.0135,0.02,0.001,0.00782846506300114
"hsa-mir-18a-5p","hsa-mir-92a-1-5p",4205,"MEF2A",23167,"EFR3A",1,0,0.022,0.0125,0.008,0.0376461677497095
"hsa-mir-33a-5p","hsa-mir-92a-1-5p",4205,"MEF2A",23167,"EFR3A",1,0,0.0115,0.03,0.006,0.0306554527614242
"hsa-mir-221-3p","hsa-mir-299-5p",6938,"TCF12",23216,"TBC1D1",1,0,0.0195,0.0205,0.001,0.00782846506300114
"hsa-mir-299-3p","hsa-mir-520a-5p",8202,"NCOA3",23224,"SYNE2",1,0.006,0.149,0.9955,5e-04,0.00443296712206591
"hsa-let-7b-5p","hsa-mir-299-3p",8202,"NCOA3",23224,"SYNE2",1,0,0.848,0.132,5e-04,0.00443296712206591
"hsa-mir-127-5p","hsa-mir-15a-5p",8202,"NCOA3",23243,"ANKRD28",1,0.0055,0.018,0.078,0.0055,0.0287304256437204
"hsa-mir-106a-5p","hsa-mir-3614-3p",8202,"NCOA3",23243,"ANKRD28",1,0,0.041,0.4565,0.007,0.0341537157263012
"hsa-mir-195-5p","hsa-mir-520g-3p",5090,"PBX3",23286,"WWC1",1,5e-04,0.03,0.042,0.002,0.0134607004370037
"hsa-mir-195-5p","hsa-mir-520c-3p",5090,"PBX3",23286,"WWC1",1,0,0.023,0.0575,0.0025,0.0159618135637754
"hsa-mir-195-5p","hsa-mir-519d-3p",5090,"PBX3",23286,"WWC1",1,0,0.027,0.039,0.0065,0.0324104879160967
"hsa-mir-195-5p","hsa-mir-520h",5090,"PBX3",23286,"WWC1",1,0,0.0455,0.054,0.002,0.0134607004370037
"hsa-mir-195-5p","hsa-mir-520a-3p",5090,"PBX3",23286,"WWC1",1,0,0.031,0.036,0.006,0.0306554527614242
"hsa-mir-195-5p","hsa-mir-520d-3p",5090,"PBX3",23286,"WWC1",1,0,0.027,0.0295,0.0055,0.0287304256437204
"hsa-mir-1296-5p","hsa-mir-195-5p",5090,"PBX3",23286,"WWC1",1,0,0.0235,0.029,0.0095,0.0426185562780775
"hsa-mir-204-5p","hsa-mir-410-3p",51341,"ZBTB7A",23295,"MGRN1",-1,0,0.0125,0.066,0.004,0.0227281560965471
"hsa-mir-204-5p","hsa-mir-301b-3p",51341,"ZBTB7A",23295,"MGRN1",-1,5e-04,0.011,0.3655,0.0055,0.0287304256437204
"hsa-mir-181a-5p","hsa-mir-92b-3p",7975,"MAFK",23387,"SIK3",1,0,0.02,0.089,0.0015,0.0107739096163952
"hsa-mir-548j-5p","hsa-mir-676-3p",2309,"FOXO3",23411,"SIRT1",1,0,0.5995,0.574,0,0
"hsa-mir-15b-5p","hsa-mir-200c-3p",4211,"MEIS1",23414,"ZFPM2",1,0,0.017,0.072,0.0075,0.0358980980937165
"hsa-mir-15b-5p","hsa-mir-204-5p",4097,"MAFG",23446,"SLC44A1",1,0,0.0105,0.3275,0.001,0.00782846506300114
"hsa-mir-101-5p","hsa-mir-195-3p",4609,"MYC",23468,"CBX5",1,0.0045,0.56,0.327,0.001,0.00782846506300114
"hsa-mir-3157-5p","hsa-mir-320d",1523,"CUX1",23499,"MACF1",1,0.007,0.0135,0.2865,0.0055,0.0287304256437204
"hsa-let-7b-5p","hsa-mir-125a-5p",1874,"E2F4",23512,"SUZ12",1,0.0015,0.013,0.022,0.002,0.0134607004370037
"hsa-let-7b-5p","hsa-mir-520d-3p",1874,"E2F4",23512,"SUZ12",1,0.0045,0.015,0.282,0,0
"hsa-let-7b-5p","hsa-mir-520c-3p",1874,"E2F4",23512,"SUZ12",1,0.005,0.014,0.39,5e-04,0.00443296712206591
"hsa-let-7b-5p","hsa-mir-520a-3p",1874,"E2F4",23512,"SUZ12",1,0.0045,0.0145,0.2525,0,0
"hsa-let-7b-5p","hsa-mir-372-3p",1874,"E2F4",23512,"SUZ12",1,0.001,0.016,0.3545,0.0065,0.0324104879160967
"hsa-mir-125a-5p","hsa-mir-30c-2-3p",2101,"ESRRA",25953,"PNKD",1,0.004,0.0835,0.036,0.0035,0.0205773428678961
"hsa-mir-136-5p","hsa-mir-410-3p",55810,"FOXJ2",26137,"ZBTB20",1,0.002,0.275,0.7475,0.0045,0.0248073403745809
"hsa-let-7b-5p","hsa-mir-30a-5p",1874,"E2F4",26271,"FBXO5",1,0.0045,0.0485,0.019,0.008,0.0376461677497095
"hsa-mir-19a-3p","hsa-mir-20b-5p",55810,"FOXJ2",27086,"FOXP1",1,0.005,0.0425,0.0165,0.005,0.0268154396978763
"hsa-mir-19a-3p","hsa-mir-20b-5p",6925,"TCF4",27086,"FOXP1",1,0,0.0425,0.0165,0.005,0.0268154396978763
"hsa-mir-125b-5p","hsa-mir-30a-5p",7157,"TP53",27113,"BBC3",1,0,0.228,0.017,0.007,0.0341537157263012
"hsa-let-7b-5p","hsa-mir-221-3p",7157,"TP53",27113,"BBC3",1,0,0.5285,0.112,0.0055,0.0287304256437204
"hsa-let-7b-5p","hsa-mir-125b-5p",7157,"TP53",27113,"BBC3",1,0,0.5145,0.215,0.009,0.0409841540864133
"hsa-mir-125a-5p","hsa-mir-519d-3p",1869,"E2F1",27113,"BBC3",1,0,0.0495,0.656,0.002,0.0134607004370037
"hsa-let-7b-5p","hsa-mir-125a-5p",7157,"TP53",27113,"BBC3",1,0,0.5015,0.05,0.0015,0.0107739096163952
"hsa-mir-125a-5p","hsa-mir-518a-5p",10664,"CTCF",27113,"BBC3",1,0.001,0.0425,0.69,0.001,0.00782846506300114
"hsa-let-7b-5p","hsa-mir-195-3p",367,"AR",27316,"RBMX",1,0,0.0155,0.071,0.002,0.0134607004370037
"hsa-let-7b-5p","hsa-mir-31-5p",367,"AR",27316,"RBMX",1,0,0.0135,0.0165,0,0
"hsa-mir-130b-5p","hsa-mir-766-3p",5089,"PBX2",29123,"ANKRD11",1,5e-04,0.014,0.0855,0.001,0.00782846506300114
"hsa-let-7b-5p","hsa-mir-182-5p",1869,"E2F1",29128,"UHRF1",1,0.0015,0.0375,0.079,0.001,0.00782846506300114
"hsa-let-7b-5p","hsa-mir-30a-5p",4801,"NFYB",29128,"UHRF1",1,0.0015,0.0575,0.0875,0.0075,0.0358980980937165
"hsa-let-7b-5p","hsa-mir-92b-3p",4801,"NFYB",29128,"UHRF1",1,5e-04,0.0455,0.025,0.001,0.00782846506300114
"hsa-let-7b-5p","hsa-mir-519d-3p",1869,"E2F1",29128,"UHRF1",1,0.0035,0.058,0.1775,0,0
"hsa-let-7b-5p","hsa-mir-411-5p",25988,"HINFP",29777,"ABT1",1,0.0035,0.5,0.7335,5e-04,0.00443296712206591
"hsa-mir-495-3p","hsa-mir-545-5p",4211,"MEIS1",29940,"DSE",1,0,0.045,0.0305,0.0025,0.0159618135637754
"hsa-mir-215-5p","hsa-mir-499a-5p",8202,"NCOA3",50807,"ASAP1",1,0.0075,0.055,0.208,0.0025,0.0159618135637754
"hsa-mir-20a-5p","hsa-mir-548d-3p",3091,"HIF1A",51107,"APH1A",1,0,0.082,0.3515,0.001,0.00782846506300114
"hsa-mir-142-5p","hsa-mir-17-5p",3091,"HIF1A",51107,"APH1A",1,0.001,0.1635,0.349,0.003,0.0183351871000196
"hsa-mir-16-1-3p","hsa-mir-20a-5p",3091,"HIF1A",51107,"APH1A",1,0,0.0225,0.1735,0.003,0.0183351871000196
"hsa-mir-15a-5p","hsa-mir-18b-5p",3091,"HIF1A",51107,"APH1A",1,0,0.0245,0.369,0.004,0.0227281560965471
"hsa-mir-106a-5p","hsa-mir-18a-5p",3091,"HIF1A",51107,"APH1A",1,0.0015,0.148,0.723,0.004,0.0227281560965471
"hsa-mir-17-5p","hsa-mir-548d-3p",3091,"HIF1A",51107,"APH1A",1,0,0.327,0.511,0.002,0.0134607004370037
"hsa-mir-16-2-3p","hsa-mir-20a-5p",3091,"HIF1A",51107,"APH1A",1,5e-04,0.0185,0.111,5e-04,0.00443296712206591
"hsa-mir-15a-5p","hsa-mir-548d-3p",3091,"HIF1A",51107,"APH1A",1,0,0.013,0.3785,0.006,0.0306554527614242
"hsa-mir-16-1-3p","hsa-mir-17-5p",3091,"HIF1A",51107,"APH1A",1,0,0.0155,0.292,0.0085,0.0393354775910957
"hsa-mir-106a-3p","hsa-mir-17-5p",3091,"HIF1A",51107,"APH1A",1,5e-04,0.0455,0.3835,0.003,0.0183351871000196
"hsa-mir-15a-5p","hsa-mir-18a-5p",3091,"HIF1A",51107,"APH1A",1,0,0.014,0.507,0,0
"hsa-mir-106a-3p","hsa-mir-20a-5p",3091,"HIF1A",51107,"APH1A",1,0,0.0455,0.11,0.0045,0.0248073403745809
"hsa-mir-20a-5p","hsa-mir-625-3p",3091,"HIF1A",51107,"APH1A",1,0,0.159,0.0485,0.003,0.0183351871000196
"hsa-mir-18b-5p","hsa-mir-20a-5p",3091,"HIF1A",51107,"APH1A",1,5e-04,0.3805,0.1275,0.004,0.0227281560965471
"hsa-mir-18a-5p","hsa-mir-20a-5p",3091,"HIF1A",51107,"APH1A",1,0.006,0.4975,0.077,0.007,0.0341537157263012
"hsa-mir-20a-5p","hsa-mir-580-3p",3091,"HIF1A",51107,"APH1A",1,0,0.093,0.1555,0.006,0.0306554527614242
"hsa-mir-17-5p","hsa-mir-625-3p",3091,"HIF1A",51107,"APH1A",1,0,0.3345,0.068,0.0015,0.0107739096163952
"hsa-mir-18a-5p","hsa-mir-20b-5p",3091,"HIF1A",51107,"APH1A",1,0.005,0.655,0.1685,0.0055,0.0287304256437204
"hsa-mir-17-5p","hsa-mir-580-3p",3091,"HIF1A",51107,"APH1A",1,0,0.254,0.115,0.0035,0.0205773428678961
"hsa-mir-128-3p","hsa-mir-92b-3p",196528,"ARID2",51322,"WAC",1,0,0.0155,0.1125,5e-04,0.00443296712206591
"hsa-mir-20a-5p","hsa-mir-654-3p",8202,"NCOA3",51366,"UBR5",1,0,0.167,0.545,0.0085,0.0393354775910957
"hsa-let-7b-5p","hsa-mir-1-3p",8202,"NCOA3",51366,"UBR5",1,0,0.9525,0.086,0.002,0.0134607004370037
"hsa-mir-3662","hsa-mir-7-5p",8202,"NCOA3",51366,"UBR5",1,0.009,0.0925,0.2525,0.0065,0.0324104879160967
"hsa-mir-16-1-3p","hsa-mir-9-5p",7003,"TEAD1",51421,"AMOTL2",1,0,0.055,0.0405,0,0
"hsa-mir-16-1-3p","hsa-mir-182-5p",7003,"TEAD1",51421,"AMOTL2",1,0,0.0745,0.016,0.003,0.0183351871000196
"hsa-mir-16-1-3p","hsa-mir-96-5p",7003,"TEAD1",51421,"AMOTL2",1,0,0.055,0.019,0.004,0.0227281560965471
"hsa-mir-15a-5p","hsa-mir-9-5p",7003,"TEAD1",51421,"AMOTL2",1,0,0.062,0.044,0.001,0.00782846506300114
"hsa-mir-15a-5p","hsa-mir-96-5p",7003,"TEAD1",51421,"AMOTL2",1,0,0.075,0.0245,0.006,0.0306554527614242
"hsa-mir-15a-5p","hsa-mir-182-5p",7003,"TEAD1",51421,"AMOTL2",1,0,0.051,0.012,0.007,0.0341537157263012
"hsa-mir-181a-2-3p","hsa-mir-9-5p",7003,"TEAD1",51421,"AMOTL2",1,0,0.0405,0.046,0.001,0.00782846506300114
"hsa-let-7b-5p","hsa-mir-125b-5p",7157,"TP53",51499,"TRIAP1",1,0,0.634,0.2815,0.0045,0.0248073403745809
"hsa-let-7b-5p","hsa-mir-30a-5p",7157,"TP53",51499,"TRIAP1",1,0,0.6535,0.041,0.001,0.00782846506300114
"hsa-let-7b-5p","hsa-mir-125a-5p",7157,"TP53",51499,"TRIAP1",1,0,0.68,0.164,0.0085,0.0393354775910957
"hsa-let-7b-5p","hsa-mir-940",2063,"NR2F6",51542,"VPS54",-1,5e-04,0.2235,0.051,0.004,0.0227281560965471
"hsa-let-7b-5p","hsa-mir-766-3p",2063,"NR2F6",51542,"VPS54",-1,0,0.2235,0.0245,0.001,0.00782846506300114
"hsa-mir-450b-5p","hsa-mir-518a-5p",10499,"NCOA2",51592,"TRIM33",1,0,0.1705,0.9635,0.004,0.0227281560965471
"hsa-mir-450b-5p","hsa-mir-527",10499,"NCOA2",51592,"TRIM33",1,0,0.1695,0.9625,0.003,0.0183351871000196
"hsa-mir-142-5p","hsa-mir-20a-5p",6886,"TAL1",51594,"NBAS",1,0,0.015,0.035,0.0015,0.0107739096163952
"hsa-mir-142-5p","hsa-mir-17-5p",6886,"TAL1",51594,"NBAS",1,0,0.017,0.0165,5e-04,0.00443296712206591
"hsa-mir-200c-3p","hsa-mir-3065-5p",6938,"TCF12",51621,"KLF13",1,0,0.0365,0.2975,5e-04,0.00443296712206591
"hsa-mir-128-3p","hsa-mir-15a-5p",4205,"MEF2A",51719,"CAB39",1,0,0.105,0.0375,0.003,0.0183351871000196
"hsa-let-7b-5p","hsa-mir-30a-5p",3662,"IRF4",51735,"RAPGEF6",1,0,0.0135,0.0465,0.0025,0.0159618135637754
"hsa-let-7b-5p","hsa-mir-497-5p",1874,"E2F4",54443,"ANLN",1,0.003,0.0185,0.0465,0.005,0.0268154396978763
"hsa-mir-130a-5p","hsa-mir-150-5p",6772,"STAT1",54625,"PARP14",1,0,0.0505,0.251,0.008,0.0376461677497095
"hsa-let-7b-5p","hsa-mir-497-5p",1874,"E2F4",55038,"CDCA4",1,0.003,0.1575,0.1865,0.006,0.0306554527614242
"hsa-mir-125b-5p","hsa-mir-519d-3p",1869,"E2F1",55038,"CDCA4",1,0,0.166,0.9775,0,0
"hsa-mir-125b-5p","hsa-mir-519d-3p",1870,"E2F2",55038,"CDCA4",1,0.007,0.166,0.9775,0,0
"hsa-let-7b-5p","hsa-mir-195-5p",1874,"E2F4",55038,"CDCA4",1,0.0035,0.15,0.1015,5e-04,0.00443296712206591
"hsa-mir-125a-5p","hsa-mir-519d-3p",1870,"E2F2",55038,"CDCA4",1,5e-04,0.0135,0.99,0,0
"hsa-let-7b-5p","hsa-mir-519a-3p",1874,"E2F4",55038,"CDCA4",1,0.0035,0.1695,0.9975,0,0
"hsa-mir-125a-5p","hsa-mir-31-5p",1870,"E2F2",55038,"CDCA4",1,5e-04,0.0115,0.3865,0,0
"hsa-let-7b-5p","hsa-mir-125b-5p",1874,"E2F4",55038,"CDCA4",1,0.003,0.207,0.157,0,0
"hsa-mir-125b-5p","hsa-mir-31-5p",1870,"E2F2",55038,"CDCA4",1,0.003,0.174,0.482,0,0
"hsa-mir-125a-5p","hsa-mir-519d-3p",1869,"E2F1",55038,"CDCA4",1,0,0.0135,0.99,0,0
"hsa-mir-299-3p","hsa-mir-520a-3p",8202,"NCOA3",55074,"OXR1",1,0.0065,0.7895,0.9275,0.006,0.0306554527614242
"hsa-let-7b-5p","hsa-mir-512-3p",6668,"SP2",55159,"RFWD3",1,5e-04,0.0655,0.5145,0,0
"hsa-let-7b-5p","hsa-mir-182-5p",6668,"SP2",55159,"RFWD3",1,0.0015,0.078,0.165,5e-04,0.00443296712206591
"hsa-mir-1271-5p","hsa-mir-150-5p",4779,"NFE2L1",55209,"SETD5",1,0,0.0275,0.0315,0.0065,0.0324104879160967
"hsa-mir-181a-5p","hsa-mir-7-5p",196528,"ARID2",55758,"RCOR3",1,0,0.091,0.702,0.0075,0.0358980980937165
"hsa-mir-18a-5p","hsa-mir-497-3p",3091,"HIF1A",55818,"KDM3A",1,0.005,0.5325,0.0245,0.005,0.0268154396978763
"hsa-mir-497-3p","hsa-mir-93-5p",3091,"HIF1A",55818,"KDM3A",1,0.001,0.022,0.678,0.0085,0.0393354775910957
"hsa-mir-429","hsa-mir-627-5p",3091,"HIF1A",55818,"KDM3A",1,0,0.078,0.104,0.0045,0.0248073403745809
"hsa-mir-20b-5p","hsa-mir-92b-3p",3091,"HIF1A",55818,"KDM3A",1,0,0.091,0.9715,0.0025,0.0159618135637754
"hsa-mir-106a-5p","hsa-mir-92b-3p",3091,"HIF1A",55818,"KDM3A",1,0,0.055,0.952,0.004,0.0227281560965471
"hsa-mir-127-5p","hsa-mir-15a-5p",8202,"NCOA3",56204,"ATOSA",1,0.0055,0.0505,0.4925,0,0
"hsa-mir-520c-3p","hsa-mir-520h",3660,"IRF2",56829,"ZC3HAV1",1,0.0025,0.0165,0.023,0.003,0.0183351871000196
"hsa-mir-429","hsa-mir-499a-5p",4609,"MYC",56916,"SMARCAD1",1,0.003,0.583,0.36,0.005,0.0268154396978763
"hsa-mir-181a-2-3p","hsa-mir-2355-3p",3661,"IRF3",56927,"GPR108",1,5e-04,0.185,0.174,0.0065,0.0324104879160967
"hsa-let-7b-5p","hsa-mir-182-5p",3662,"IRF4",57142,"RTN4",1,0,0.0285,0.2665,0.0055,0.0287304256437204
"hsa-mir-130a-3p","hsa-mir-33a-3p",3662,"IRF4",57142,"RTN4",1,0,0.2025,0.025,0.0075,0.0358980980937165
"hsa-mir-3613-5p","hsa-mir-543",9575,"CLOCK",64759,"TNS3",1,0,0.0135,0.209,0.003,0.0183351871000196
"hsa-mir-15a-5p","hsa-mir-760",9575,"CLOCK",64759,"TNS3",1,0,0.0115,0.348,0.0055,0.0287304256437204
"hsa-let-7b-5p","hsa-mir-543",1874,"E2F4",79172,"CENPO",1,0.0025,0.017,0.634,0.0085,0.0393354775910957
"hsa-mir-30a-3p","hsa-mir-497-5p",4205,"MEF2A",79718,"TBL1XR1",1,0.0065,0.5905,0.123,0.007,0.0341537157263012
"hsa-mir-30a-5p","hsa-mir-519c-3p",7003,"TEAD1",79745,"CLIP4",1,0,0.236,0.175,0.0085,0.0393354775910957
"hsa-mir-20a-5p","hsa-mir-30a-5p",7003,"TEAD1",79745,"CLIP4",1,0,0.038,0.24,0.004,0.0227281560965471
"hsa-mir-183-3p","hsa-mir-450b-5p",7003,"TEAD1",79745,"CLIP4",1,0.001,0.9965,0.0245,0.004,0.0227281560965471
"hsa-mir-125b-5p","hsa-mir-520d-3p",571,"BACH1",79745,"CLIP4",1,0,0.2555,0.0975,0.0075,0.0358980980937165
"hsa-mir-299-5p","hsa-mir-30a-5p",1390,"CREM",79888,"LPCAT1",1,0,0.181,0.022,0,0
"hsa-mir-30a-3p","hsa-mir-377-5p",1874,"E2F4",79968,"WDR76",1,5e-04,0.024,0.118,0.006,0.0306554527614242
"hsa-mir-25-3p","hsa-mir-381-3p",196528,"ARID2",80205,"CHD9",1,0,0.0435,0.337,0.002,0.0134607004370037
"hsa-mir-33a-3p","hsa-mir-92b-3p",6938,"TCF12",80205,"CHD9",1,0,0.2985,0.128,0.0095,0.0426185562780775
"hsa-mir-25-3p","hsa-mir-381-3p",7586,"ZKSCAN1",80205,"CHD9",1,0,0.0435,0.337,0.002,0.0134607004370037
"hsa-mir-136-5p","hsa-mir-3170",4801,"NFYB",80219,"COQ10B",1,0,0.0175,0.024,0.003,0.0183351871000196
"hsa-mir-128-3p","hsa-mir-195-5p",4205,"MEF2A",80223,"RAB11FIP1",1,5e-04,0.469,0.0345,0.0085,0.0393354775910957
"hsa-mir-130b-3p","hsa-mir-135b-5p",4205,"MEF2A",80223,"RAB11FIP1",1,0,0.4175,0.0715,0.002,0.0134607004370037
"hsa-mir-135b-5p","hsa-mir-20b-5p",4205,"MEF2A",80223,"RAB11FIP1",1,0.005,0.08,0.354,0.002,0.0134607004370037
"hsa-let-7b-5p","hsa-mir-520h",1874,"E2F4",81620,"CDT1",1,0.0015,0.0605,0.1175,0,0
"hsa-mir-33a-5p","hsa-mir-548s",6773,"STAT2",83666,"PARP9",1,5e-04,0.031,0.044,0.0095,0.0426185562780775
"hsa-mir-125b-5p","hsa-mir-299-5p",1870,"E2F2",83879,"CDCA7",1,0.0065,0.031,0.398,5e-04,0.00443296712206591
"hsa-let-7b-5p","hsa-mir-299-5p",1874,"E2F4",83879,"CDCA7",1,0.0025,0.0615,0.417,5e-04,0.00443296712206591
"hsa-let-7b-5p","hsa-mir-195-3p",367,"AR",84240,"ZCCHC9",1,0,0.0205,0.027,0.0045,0.0248073403745809
"hsa-let-7b-5p","hsa-mir-381-3p",367,"AR",84240,"ZCCHC9",1,0,0.014,0.065,0.001,0.00782846506300114
"hsa-mir-205-5p","hsa-mir-518c-5p",1869,"E2F1",84464,"SLX4",1,0.004,0.146,0.019,0.0095,0.0426185562780775
"hsa-mir-376b-3p","hsa-mir-497-3p",3662,"IRF4",84541,"KBTBD8",1,0,0.0375,0.107,0.001,0.00782846506300114
"hsa-mir-125a-5p","hsa-mir-30a-5p",4150,"MAZ",84678,"KDM2B",1,0.002,0.2305,0.0685,0.006,0.0306554527614242
"hsa-mir-518f-5p","hsa-mir-520c-3p",3660,"IRF2",84924,"ZNF566",1,0.0025,0.2765,0.3105,0.003,0.0183351871000196
"hsa-mir-519a-5p","hsa-mir-519c-3p",3660,"IRF2",84924,"ZNF566",1,0.002,0.2995,0.3885,0.0035,0.0205773428678961
"hsa-mir-9-5p","hsa-mir-92b-3p",2627,"GATA6",90627,"STARD13",1,0.0045,0.0345,0.029,0.0075,0.0358980980937165
"hsa-mir-19a-3p","hsa-mir-519a-3p",4205,"MEF2A",116496,"NIBAN1",1,0,0.1435,0.6545,0.008,0.0376461677497095
"hsa-mir-19a-3p","hsa-mir-92b-3p",4205,"MEF2A",116496,"NIBAN1",1,0,0.1095,0.053,0.001,0.00782846506300114
"hsa-mir-33a-5p","hsa-mir-3613-5p",4205,"MEF2A",116496,"NIBAN1",1,0,0.018,0.046,0.0045,0.0248073403745809
"hsa-mir-15a-5p","hsa-mir-181a-5p",571,"BACH1",117584,"RFFL",1,0.001,0.014,0.0125,0,0
"hsa-mir-16-1-3p","hsa-mir-181a-5p",571,"BACH1",117584,"RFFL",1,5e-04,0.029,0.0155,0,0
"hsa-mir-497-3p","hsa-mir-92b-3p",3662,"IRF4",118788,"PIK3AP1",1,0,0.05,0.02,0.0075,0.0358980980937165
"hsa-mir-134-5p","hsa-mir-181a-2-3p",7003,"TEAD1",140609,"NEK7",1,0,0.1335,0.2485,0.0095,0.0426185562780775
"hsa-mir-125b-5p","hsa-mir-383-5p",7157,"TP53",144455,"E2F7",1,0,0.187,0.052,0.003,0.0183351871000196
"hsa-let-7b-5p","hsa-mir-125b-5p",7157,"TP53",144455,"E2F7",1,0,0.2205,0.1855,0.001,0.00782846506300114
"hsa-let-7b-5p","hsa-mir-182-5p",7027,"TFDP1",150468,"CKAP2L",1,0.008,0.032,0.077,0.0065,0.0324104879160967
"hsa-mir-15a-5p","hsa-mir-16-1-3p",6671,"SP4",152006,"RNF38",1,0.0025,0.0205,0.0215,0.006,0.0306554527614242
"hsa-mir-106a-5p","hsa-mir-33a-3p",6925,"TCF4",200734,"SPRED2",1,0,0.1215,0.734,0.004,0.0227281560965471
"hsa-mir-31-5p","hsa-mir-582-3p",10499,"NCOA2",204851,"HIPK1",1,0.0065,0.564,0.1285,0,0
"hsa-mir-18a-3p","hsa-mir-204-5p",6925,"TCF4",285220,"EPHA6",1,0,0.1125,0.066,0.0095,0.0426185562780775
"hsa-mir-196b-5p","hsa-mir-3613-5p",4211,"MEIS1",285527,"FRYL",1,0,0.018,0.329,0.0045,0.0248073403745809
"hsa-mir-125b-5p","hsa-mir-519d-3p",1869,"E2F1",347240,"KIF24",1,0,0.0705,0.55,0.0015,0.0107739096163952
"hsa-mir-142-3p","hsa-mir-30c-2-3p",2063,"NR2F6",399687,"MYO18A",-1,0,0.024,0.2955,0.0075,0.0358980980937165
"hsa-mir-25-3p","hsa-mir-30a-3p",2063,"NR2F6",399687,"MYO18A",-1,0,0.0285,0.23,0,0
"hsa-mir-128-3p","hsa-mir-30a-5p",2063,"NR2F6",399687,"MYO18A",-1,0,0.0175,0.3515,0,0
"hsa-mir-128-3p","hsa-mir-30c-2-3p",2063,"NR2F6",399687,"MYO18A",-1,0,0.0205,0.334,0,0
