miRNA1,miRNA2,TF,Target,ModeOfRegulation,TwoVar_mirna1_tf,TwoVar_mirna1_target,TwoVar_mirna2_target,mirna1mirna2_target,BH_rejected,BH_pvalues_adjusted
hsa-mir-3613-5p,hsa-mir-518a-5p,10009,8452,1,0.0005,0.2985,0.306,0.0075,True,0.03589809809371649
hsa-mir-3613-5p,hsa-mir-527,10009,8452,1,0.0,0.309,0.2925,0.0025,True,0.015961813563775434
hsa-mir-31-5p,hsa-mir-582-3p,10499,204851,1,0.0065,0.564,0.1285,0.0,True,0.0
hsa-mir-450b-5p,hsa-mir-518a-5p,10499,51592,1,0.0,0.1705,0.9635,0.004,True,0.022728156096547065
hsa-mir-450b-5p,hsa-mir-527,10499,51592,1,0.0,0.1695,0.9625,0.003,True,0.01833518710001956
hsa-mir-181a-5p,hsa-mir-2355-5p,1050,1312,1,0.0,0.1045,0.126,0.0075,True,0.03589809809371649
hsa-mir-17-5p,hsa-mir-181a-5p,1050,3778,1,0.0,0.0955,0.0165,0.0,True,0.0
hsa-mir-17-5p,hsa-mir-548d-3p,1050,3778,1,0.0,0.102,0.054,0.0045,True,0.024807340374580926
hsa-mir-181a-5p,hsa-mir-181c-3p,1050,3778,1,0.0,0.039,0.0255,0.0035,True,0.020577342867896125
hsa-mir-181a-5p,hsa-mir-766-3p,1050,3778,1,0.0,0.023,0.012,0.0005,True,0.0044329671220659185
hsa-mir-3065-3p,hsa-mir-940,1051,2353,1,0.0,0.525,0.3545,0.008,True,0.03764616774970952
hsa-mir-125a-5p,hsa-mir-518a-5p,10664,27113,1,0.001,0.0425,0.69,0.001,True,0.007828465063001146
hsa-mir-106a-5p,hsa-mir-215-5p,10664,5934,1,0.0,0.101,0.0745,0.0085,True,0.039335477591095694
hsa-mir-17-5p,hsa-mir-215-5p,10664,5934,1,0.0,0.251,0.099,0.0095,True,0.0426185562780775
hsa-mir-212-3p,hsa-mir-548t-5p,10765,23002,1,0.0005,0.6095,0.0145,0.002,True,0.013460700437003755
hsa-mir-101-5p,hsa-mir-125a-5p,10765,3720,1,0.0,0.0165,0.019,0.001,True,0.007828465063001146
hsa-mir-101-5p,hsa-mir-125b-5p,10765,3720,1,0.0005,0.015,0.019,0.0005,True,0.0044329671220659185
hsa-mir-101-5p,hsa-mir-195-5p,10765,3720,1,0.0,0.0245,0.205,0.0,True,0.0
hsa-mir-101-5p,hsa-mir-31-5p,10765,3720,1,0.0005,0.0145,0.059,0.0,True,0.0
hsa-mir-101-5p,hsa-mir-497-5p,10765,3720,1,0.0005,0.019,0.1015,0.008,True,0.03764616774970952
hsa-mir-101-5p,hsa-mir-520g-3p,10765,3720,1,0.0005,0.0145,0.0875,0.0,True,0.0
hsa-mir-101-5p,hsa-mir-520h,10765,3720,1,0.0005,0.0125,0.113,0.0,True,0.0
hsa-mir-125b-5p,hsa-mir-145-5p,10765,3720,1,0.0015,0.0155,0.0135,0.0055,True,0.028730425643720442
hsa-mir-125b-5p,hsa-mir-519a-3p,10765,3720,1,0.0005,0.0175,0.1085,0.0005,True,0.0044329671220659185
hsa-mir-125b-5p,hsa-mir-519c-3p,10765,3720,1,0.0015,0.022,0.108,0.0,True,0.0
hsa-mir-2355-3p,hsa-mir-376b-3p,10765,4627,1,0.0015,0.015,0.1785,0.004,True,0.022728156096547065
hsa-mir-138-5p,hsa-mir-195-5p,11016,677,1,0.0005,0.172,0.0445,0.002,True,0.013460700437003755
hsa-mir-516b-5p,hsa-mir-92b-3p,1316,2059,1,0.0,0.943,0.071,0.0035,True,0.020577342867896125
hsa-mir-518c-5p,hsa-mir-92b-3p,1316,2059,1,0.001,0.8735,0.096,0.008,True,0.03764616774970952
hsa-mir-301b-3p,hsa-mir-9-5p,1316,4627,1,0.0025,0.0125,0.4995,0.0065,True,0.03241048791609667
hsa-mir-181c-5p,hsa-mir-200c-3p,1385,4286,1,0.0,0.049,0.717,0.0045,True,0.024807340374580926
hsa-mir-200b-3p,hsa-mir-34b-5p,1385,9221,1,0.0075,0.345,0.015,0.008,True,0.03764616774970952
hsa-let-7b-5p,hsa-mir-512-5p,1390,5757,1,0.0,0.0555,0.851,0.0,True,0.0
hsa-mir-299-5p,hsa-mir-30a-5p,1390,79888,1,0.0,0.181,0.022,0.0,True,0.0
hsa-mir-127-3p,hsa-mir-383-5p,144455,3190,1,0.0025,0.1045,0.015,0.004,True,0.022728156096547065
hsa-mir-3065-5p,hsa-mir-497-5p,144455,3190,1,0.008,0.1425,0.044,0.0065,True,0.03241048791609667
hsa-mir-3157-5p,hsa-mir-320d,1523,23499,1,0.007,0.0135,0.2865,0.0055,True,0.028730425643720442
hsa-mir-106a-5p,hsa-mir-92b-3p,1820,11176,1,0.0045,0.036,0.9085,0.0065,True,0.03241048791609667
hsa-mir-15a-3p,hsa-mir-592,1869,1355,1,0.0,0.554,0.266,0.0035,True,0.020577342867896125
hsa-let-7b-5p,hsa-mir-519d-3p,1869,23076,1,0.0035,0.014,0.0765,0.003,True,0.01833518710001956
hsa-mir-125a-5p,hsa-mir-519d-3p,1869,27113,1,0.0,0.0495,0.656,0.002,True,0.013460700437003755
hsa-let-7b-5p,hsa-mir-182-5p,1869,29128,1,0.0015,0.0375,0.079,0.001,True,0.007828465063001146
hsa-let-7b-5p,hsa-mir-519d-3p,1869,29128,1,0.0035,0.058,0.1775,0.0,True,0.0
hsa-mir-125b-5p,hsa-mir-519d-3p,1869,347240,1,0.0,0.0705,0.55,0.0015,True,0.010773909616395166
hsa-let-7b-5p,hsa-mir-519d-3p,1869,4609,1,0.0035,0.1715,0.1145,0.001,True,0.007828465063001146
hsa-let-7b-5p,hsa-mir-519d-3p,1869,5347,1,0.0035,0.0215,0.0735,0.0,True,0.0
hsa-mir-125a-5p,hsa-mir-519d-3p,1869,55038,1,0.0,0.0135,0.99,0.0,True,0.0
hsa-mir-125b-5p,hsa-mir-519d-3p,1869,55038,1,0.0,0.166,0.9775,0.0,True,0.0
hsa-let-7b-5p,hsa-mir-519d-3p,1869,5558,1,0.0035,0.011,0.4645,0.0,True,0.0
hsa-let-7b-5p,hsa-mir-182-5p,1869,6241,1,0.0015,0.0135,0.0505,0.009,True,0.04098415408641332
hsa-let-7b-5p,hsa-mir-519d-3p,1869,6502,1,0.0035,0.0185,0.629,0.0,True,0.0
hsa-mir-20b-5p,hsa-mir-323a-3p,1869,6670,-1,0.0,0.3755,0.0475,0.007,True,0.03415371572630123
hsa-mir-141-3p,hsa-mir-182-5p,1869,7422,-1,0.0055,0.32,0.3075,0.0075,True,0.03589809809371649
hsa-mir-205-5p,hsa-mir-518c-5p,1869,84464,1,0.004,0.146,0.019,0.0095,True,0.0426185562780775
hsa-let-7b-5p,hsa-mir-182-5p,1869,890,1,0.0015,0.0265,0.0455,0.002,True,0.013460700437003755
hsa-let-7b-5p,hsa-mir-519d-3p,1869,890,1,0.0035,0.0285,0.0675,0.0,True,0.0
hsa-mir-34c-5p,hsa-mir-519d-3p,1869,9134,1,0.0,0.017,0.3265,0.0065,True,0.03241048791609667
hsa-mir-125b-5p,hsa-mir-182-5p,1870,10733,1,0.006,0.018,0.0435,0.0015,True,0.010773909616395166
hsa-mir-125b-5p,hsa-mir-199a-3p,1870,10733,1,0.0065,0.0145,0.387,0.008,True,0.03764616774970952
hsa-mir-125a-5p,hsa-mir-31-5p,1870,55038,1,0.0005,0.0115,0.3865,0.0,True,0.0
hsa-mir-125a-5p,hsa-mir-519d-3p,1870,55038,1,0.0005,0.0135,0.99,0.0,True,0.0
hsa-mir-125b-5p,hsa-mir-31-5p,1870,55038,1,0.003,0.174,0.482,0.0,True,0.0
hsa-mir-125b-5p,hsa-mir-519d-3p,1870,55038,1,0.007,0.166,0.9775,0.0,True,0.0
hsa-mir-125b-5p,hsa-mir-299-5p,1870,83879,1,0.0065,0.031,0.398,0.0005,True,0.0044329671220659185
hsa-let-7b-5p,hsa-mir-519d-3p,1874,1031,1,0.002,0.0475,0.3295,0.0,True,0.0
hsa-let-7b-5p,hsa-mir-30a-5p,1874,10403,1,0.0045,0.021,0.022,0.0035,True,0.020577342867896125
hsa-let-7b-5p,hsa-mir-125b-5p,1874,10592,1,0.003,0.1955,0.187,0.0,True,0.0
hsa-let-7b-5p,hsa-mir-383-5p,1874,10592,1,0.001,0.2875,0.021,0.0025,True,0.015961813563775434
hsa-let-7b-5p,hsa-mir-9-5p,1874,10592,1,0.0025,0.1445,0.0105,0.006,True,0.03065545276142417
hsa-let-7b-5p,hsa-mir-125a-5p,1874,23512,1,0.0015,0.013,0.022,0.002,True,0.013460700437003755
hsa-let-7b-5p,hsa-mir-372-3p,1874,23512,1,0.001,0.016,0.3545,0.0065,True,0.03241048791609667
hsa-let-7b-5p,hsa-mir-520a-3p,1874,23512,1,0.0045,0.0145,0.2525,0.0,True,0.0
hsa-let-7b-5p,hsa-mir-520c-3p,1874,23512,1,0.005,0.014,0.39,0.0005,True,0.0044329671220659185
hsa-let-7b-5p,hsa-mir-520d-3p,1874,23512,1,0.0045,0.015,0.282,0.0,True,0.0
hsa-let-7b-5p,hsa-mir-30a-5p,1874,26271,1,0.0045,0.0485,0.019,0.008,True,0.03764616774970952
hsa-let-7b-5p,hsa-mir-520g-3p,1874,3151,1,0.004,0.0485,0.318,0.0,True,0.0
hsa-let-7b-5p,hsa-mir-520h,1874,3151,1,0.0015,0.0375,0.344,0.0,True,0.0
hsa-let-7b-5p,hsa-mir-519a-3p,1874,3455,1,0.0035,0.265,0.3845,0.0005,True,0.0044329671220659185
hsa-let-7b-5p,hsa-mir-519c-3p,1874,3455,1,0.003,0.423,0.4995,0.0005,True,0.0044329671220659185
hsa-let-7b-5p,hsa-mir-519d-3p,1874,3455,1,0.002,0.2635,0.4475,0.0,True,0.0
hsa-let-7b-5p,hsa-mir-520a-3p,1874,3455,1,0.0045,0.3305,0.441,0.0,True,0.0
hsa-let-7b-5p,hsa-mir-520d-3p,1874,3455,1,0.0045,0.4305,0.6555,0.0005,True,0.0044329671220659185
hsa-let-7b-5p,hsa-mir-519a-3p,1874,4176,1,0.0035,0.012,0.12,0.0,True,0.0
hsa-let-7b-5p,hsa-mir-520c-3p,1874,4176,1,0.005,0.012,0.123,0.0,True,0.0
hsa-let-7b-5p,hsa-mir-520d-3p,1874,4176,1,0.0045,0.0155,0.068,0.0,True,0.0
hsa-let-7b-5p,hsa-mir-519d-3p,1874,4288,1,0.002,0.014,0.063,0.0,True,0.0
hsa-let-7b-5p,hsa-mir-520g-3p,1874,4288,1,0.004,0.0145,0.053,0.0,True,0.0
hsa-let-7b-5p,hsa-mir-520h,1874,4288,1,0.0015,0.015,0.035,0.0,True,0.0
hsa-let-7b-5p,hsa-mir-526b-5p,1874,4288,1,0.0035,0.016,0.065,0.0,True,0.0
hsa-mir-30a-3p,hsa-mir-377-5p,1874,4288,1,0.0005,0.0185,0.229,0.0005,True,0.0044329671220659185
hsa-let-7b-5p,hsa-mir-30a-5p,1874,4436,1,0.0045,0.06,0.024,0.0075,True,0.03589809809371649
hsa-let-7b-5p,hsa-mir-199b-5p,1874,4691,1,0.0025,0.027,0.0815,0.008,True,0.03764616774970952
hsa-let-7b-5p,hsa-mir-30a-3p,1874,4691,1,0.0005,0.0305,0.0625,0.0055,True,0.028730425643720442
hsa-let-7b-5p,hsa-mir-30a-5p,1874,4691,1,0.0045,0.0255,0.22,0.007,True,0.03415371572630123
hsa-let-7b-5p,hsa-mir-497-5p,1874,54443,1,0.003,0.0185,0.0465,0.005,True,0.026815439697876305
hsa-let-7b-5p,hsa-mir-125b-5p,1874,55038,1,0.003,0.207,0.157,0.0,True,0.0
hsa-let-7b-5p,hsa-mir-195-5p,1874,55038,1,0.0035,0.15,0.1015,0.0005,True,0.0044329671220659185
hsa-let-7b-5p,hsa-mir-497-5p,1874,55038,1,0.003,0.1575,0.1865,0.006,True,0.03065545276142417
hsa-let-7b-5p,hsa-mir-519a-3p,1874,55038,1,0.0035,0.1695,0.9975,0.0,True,0.0
hsa-let-7b-5p,hsa-mir-30a-3p,1874,6421,1,0.0005,0.0105,0.0165,0.002,True,0.013460700437003755
hsa-let-7b-5p,hsa-mir-518a-3p,1874,6421,1,0.0035,0.0105,0.185,0.0,True,0.0
hsa-mir-30a-3p,hsa-mir-377-5p,1874,6421,1,0.0005,0.03,0.1395,0.0085,True,0.039335477591095694
hsa-mir-16-2-3p,hsa-mir-766-3p,1874,6500,1,0.0,0.0635,0.1695,0.0,True,0.0
hsa-let-7b-3p,hsa-let-7b-5p,1874,7112,1,0.001,0.0825,0.1625,0.005,True,0.026815439697876305
hsa-let-7b-5p,hsa-mir-512-5p,1874,7112,1,0.004,0.1615,0.6485,0.0,True,0.0
hsa-let-7b-5p,hsa-mir-520h,1874,7112,1,0.0015,0.1565,0.582,0.0,True,0.0
hsa-let-7b-5p,hsa-mir-182-5p,1874,7153,1,0.0015,0.0455,0.1145,0.0065,True,0.03241048791609667
hsa-let-7b-5p,hsa-mir-30a-3p,1874,7374,1,0.0005,0.4685,0.6675,0.007,True,0.03415371572630123
hsa-let-7b-5p,hsa-mir-520a-5p,1874,7533,1,0.0025,0.2425,0.5385,0.0,True,0.0
hsa-let-7b-5p,hsa-mir-526b-5p,1874,7533,1,0.0035,0.24,0.417,0.0,True,0.0
hsa-let-7b-5p,hsa-mir-543,1874,79172,1,0.0025,0.017,0.634,0.0085,True,0.039335477591095694
hsa-mir-30a-3p,hsa-mir-377-5p,1874,79968,1,0.0005,0.024,0.118,0.006,True,0.03065545276142417
hsa-let-7b-5p,hsa-mir-520h,1874,81620,1,0.0015,0.0605,0.1175,0.0,True,0.0
hsa-let-7b-5p,hsa-mir-299-5p,1874,83879,1,0.0025,0.0615,0.417,0.0005,True,0.0044329671220659185
hsa-let-7b-5p,hsa-mir-512-3p,1874,9055,1,0.0025,0.059,0.3695,0.001,True,0.007828465063001146
hsa-let-7b-5p,hsa-mir-520f-3p,1874,9055,1,0.002,0.0675,0.3295,0.0035,True,0.020577342867896125
hsa-mir-30a-3p,hsa-mir-377-5p,1874,990,1,0.0005,0.0175,0.041,0.0065,True,0.03241048791609667
hsa-let-7b-5p,hsa-mir-520g-3p,1875,11335,1,0.0075,0.0115,0.0835,0.0,True,0.0
hsa-let-7b-5p,hsa-mir-520h,1875,11335,1,0.0065,0.0145,0.0795,0.0,True,0.0
hsa-mir-519d-3p,hsa-mir-520g-3p,1875,11335,1,0.0025,0.094,0.103,0.009,True,0.04098415408641332
hsa-let-7b-5p,hsa-mir-519a-3p,1875,1808,1,0.0065,0.295,0.151,0.0005,True,0.0044329671220659185
hsa-let-7b-5p,hsa-mir-519c-3p,1875,1808,1,0.0035,0.3605,0.2675,0.0005,True,0.0044329671220659185
hsa-let-7b-5p,hsa-mir-519d-3p,1875,1808,1,0.0065,0.2345,0.215,0.0025,True,0.015961813563775434
hsa-let-7b-5p,hsa-mir-520a-3p,1875,1808,1,0.003,0.3095,0.237,0.001,True,0.007828465063001146
hsa-let-7b-5p,hsa-mir-520d-3p,1875,1808,1,0.0035,0.3625,0.228,0.0005,True,0.0044329671220659185
hsa-let-7b-5p,hsa-mir-519d-3p,1875,4609,1,0.0065,0.1715,0.1145,0.001,True,0.007828465063001146
hsa-mir-181c-5p,hsa-mir-195-3p,1875,4609,1,0.004,0.4775,0.072,0.0075,True,0.03589809809371649
hsa-mir-181c-5p,hsa-mir-497-5p,1875,4609,1,0.0045,0.489,0.0365,0.0065,True,0.03241048791609667
hsa-mir-181d-5p,hsa-mir-497-5p,1875,4609,1,0.0095,0.0535,0.0515,0.0005,True,0.0044329671220659185
hsa-let-7b-5p,hsa-mir-512-5p,1875,5757,1,0.0045,0.0555,0.851,0.0,True,0.0
hsa-mir-30c-2-3p,hsa-mir-676-3p,1876,7023,-1,0.003,0.0105,0.078,0.0005,True,0.0044329671220659185
hsa-mir-2355-3p,hsa-mir-3613-5p,1958,2335,1,0.0,0.0115,0.224,0.0065,True,0.03241048791609667
hsa-mir-106a-5p,hsa-mir-215-5p,1958,5934,1,0.0,0.101,0.0745,0.0085,True,0.039335477591095694
hsa-mir-17-5p,hsa-mir-215-5p,1958,5934,1,0.0,0.251,0.099,0.0095,True,0.0426185562780775
hsa-mir-141-3p,hsa-mir-183-5p,1958,7422,1,0.0065,0.2735,0.069,0.0005,True,0.0044329671220659185
hsa-mir-16-1-3p,hsa-mir-7-1-3p,196,7764,1,0.0,0.163,0.0795,0.0025,True,0.015961813563775434
hsa-mir-134-5p,hsa-mir-199a-3p,196528,3191,1,0.0095,0.014,0.0275,0.006,True,0.03065545276142417
hsa-mir-128-3p,hsa-mir-92b-3p,196528,51322,1,0.0,0.0155,0.1125,0.0005,True,0.0044329671220659185
hsa-mir-181a-5p,hsa-mir-7-5p,196528,55758,1,0.0,0.091,0.702,0.0075,True,0.03589809809371649
hsa-mir-25-3p,hsa-mir-381-3p,196528,80205,1,0.0,0.0435,0.337,0.002,True,0.013460700437003755
hsa-mir-130a-3p,hsa-mir-195-5p,2034,8553,1,0.0075,0.0935,0.017,0.004,True,0.022728156096547065
hsa-mir-142-3p,hsa-mir-149-5p,2063,23151,-1,0.0,0.011,0.2795,0.009,True,0.04098415408641332
hsa-mir-128-3p,hsa-mir-30a-5p,2063,399687,-1,0.0,0.0175,0.3515,0.0,True,0.0
hsa-mir-128-3p,hsa-mir-30c-2-3p,2063,399687,-1,0.0,0.0205,0.334,0.0,True,0.0
hsa-mir-142-3p,hsa-mir-30c-2-3p,2063,399687,-1,0.0,0.024,0.2955,0.0075,True,0.03589809809371649
hsa-mir-25-3p,hsa-mir-30a-3p,2063,399687,-1,0.0,0.0285,0.23,0.0,True,0.0
hsa-let-7b-5p,hsa-mir-766-3p,2063,51542,-1,0.0,0.2235,0.0245,0.001,True,0.007828465063001146
hsa-let-7b-5p,hsa-mir-940,2063,51542,-1,0.0005,0.2235,0.051,0.004,True,0.022728156096547065
hsa-mir-181a-5p,hsa-mir-9-5p,2099,2078,1,0.0015,0.1765,0.0535,0.0055,True,0.028730425643720442
hsa-mir-142-3p,hsa-mir-181a-5p,2099,3487,1,0.0005,0.035,0.0365,0.0035,True,0.020577342867896125
hsa-mir-130a-3p,hsa-mir-381-3p,2099,367,1,0.0095,0.013,0.0215,0.001,True,0.007828465063001146
hsa-let-7b-5p,hsa-mir-145-5p,2099,6670,1,0.0045,0.605,0.316,0.009,True,0.04098415408641332
hsa-mir-18a-5p,hsa-mir-92b-3p,2099,8850,1,0.009,0.0355,0.1565,0.002,True,0.013460700437003755
hsa-mir-15a-5p,hsa-mir-221-3p,2099,9687,1,0.0055,0.012,0.7735,0.0075,True,0.03589809809371649
hsa-mir-125a-5p,hsa-mir-30c-2-3p,2101,25953,1,0.004,0.0835,0.036,0.0035,True,0.020577342867896125
hsa-mir-200b-3p,hsa-mir-518a-5p,2113,8651,1,0.0,0.061,0.0125,0.008,True,0.03764616774970952
hsa-mir-181a-5p,hsa-mir-548j-5p,2308,285,1,0.0,0.0215,0.206,0.009,True,0.04098415408641332
hsa-mir-181a-5p,hsa-mir-9-5p,2308,285,1,0.0,0.0155,0.042,0.001,True,0.007828465063001146
hsa-mir-135b-5p,hsa-mir-15a-5p,2308,6197,1,0.0005,0.286,0.141,0.007,True,0.03415371572630123
hsa-mir-135b-5p,hsa-mir-17-5p,2308,6197,1,0.0005,0.2815,0.127,0.0,True,0.0
hsa-mir-135b-5p,hsa-mir-181b-5p,2308,6197,1,0.0,0.276,0.6175,0.0055,True,0.028730425643720442
hsa-mir-135b-5p,hsa-mir-20a-5p,2308,6197,1,0.0005,0.2875,0.4665,0.0,True,0.0
hsa-mir-142-5p,hsa-mir-4326,2309,10628,1,0.0,0.0535,0.9005,0.005,True,0.026815439697876305
hsa-mir-520a-5p,hsa-mir-520c-3p,2309,10628,1,0.0,0.1415,0.256,0.001,True,0.007828465063001146
hsa-mir-520c-3p,hsa-mir-525-5p,2309,10628,1,0.0,0.183,0.1625,0.003,True,0.01833518710001956
hsa-mir-548j-5p,hsa-mir-676-3p,2309,23411,1,0.0,0.5995,0.574,0.0,True,0.0
hsa-mir-3065-3p,hsa-mir-30a-5p,2309,5290,1,0.003,0.0525,0.0145,0.009,True,0.04098415408641332
hsa-mir-20a-5p,hsa-mir-7-5p,2353,8061,1,0.0,0.214,0.53,0.0005,True,0.0044329671220659185
hsa-mir-128-3p,hsa-mir-20a-5p,2355,8061,1,0.0,0.346,0.1975,0.0045,True,0.024807340374580926
hsa-mir-130b-3p,hsa-mir-20a-5p,2355,8061,1,0.0,0.0895,0.244,0.0035,True,0.020577342867896125
hsa-mir-15b-5p,hsa-mir-20a-5p,2355,8061,1,0.0,0.014,0.238,0.007,True,0.03415371572630123
hsa-mir-15b-5p,hsa-mir-625-5p,2355,8061,1,0.0,0.0165,0.402,0.006,True,0.03065545276142417
hsa-mir-17-5p,hsa-mir-625-5p,2355,8061,1,0.0,0.1495,0.397,0.001,True,0.007828465063001146
hsa-mir-130a-3p,hsa-mir-195-5p,23764,8553,1,0.0065,0.0935,0.017,0.004,True,0.022728156096547065
hsa-let-7b-5p,hsa-mir-411-5p,25988,29777,1,0.0035,0.5,0.7335,0.0005,True,0.0044329671220659185
hsa-mir-181a-5p,hsa-mir-25-3p,2624,285,1,0.0035,0.0195,0.0295,0.0045,True,0.024807340374580926
hsa-mir-141-3p,hsa-mir-195-3p,2625,4609,1,0.0,0.0185,0.0715,0.0005,True,0.0044329671220659185
hsa-mir-141-3p,hsa-mir-195-5p,2625,4609,1,0.0,0.012,0.039,0.007,True,0.03415371572630123
hsa-mir-141-3p,hsa-mir-497-5p,2625,4609,1,0.0,0.0135,0.069,0.0005,True,0.0044329671220659185
hsa-mir-15a-5p,hsa-mir-450b-5p,2627,490,1,0.0,0.032,0.039,0.007,True,0.03415371572630123
hsa-mir-9-5p,hsa-mir-92b-3p,2627,90627,1,0.0045,0.0345,0.029,0.0075,True,0.03589809809371649
hsa-mir-183-5p,hsa-mir-429,27086,5366,-1,0.002,0.427,0.0545,0.009,True,0.04098415408641332
hsa-let-7a-2-3p,hsa-mir-30a-3p,27086,8289,-1,0.0,0.567,0.053,0.0,True,0.0
hsa-mir-432-5p,hsa-mir-497-3p,27086,8289,-1,0.0,0.1815,0.0325,0.0025,True,0.015961813563775434
hsa-mir-195-5p,hsa-mir-376b-3p,3091,1026,1,0.006,0.0375,0.2965,0.0045,True,0.024807340374580926
hsa-mir-130a-3p,hsa-mir-497-5p,3091,10370,1,0.0,0.133,0.135,0.002,True,0.013460700437003755
hsa-mir-16-1-3p,hsa-mir-376a-5p,3091,11201,1,0.0,0.28,0.501,0.006,True,0.03065545276142417
hsa-mir-299-3p,hsa-mir-92b-3p,3091,1871,1,0.0005,0.2955,0.2975,0.001,True,0.007828465063001146
hsa-mir-299-5p,hsa-mir-92b-3p,3091,1871,1,0.0045,0.02,0.311,0.0025,True,0.015961813563775434
hsa-mir-497-3p,hsa-mir-577,3091,1871,1,0.0005,0.0335,0.713,0.0095,True,0.0426185562780775
hsa-mir-16-1-3p,hsa-mir-17-5p,3091,19,1,0.0,0.019,0.014,0.0025,True,0.015961813563775434
hsa-mir-130a-3p,hsa-mir-940,3091,1906,1,0.0,0.0175,0.16,0.0025,True,0.015961813563775434
hsa-mir-299-3p,hsa-mir-379-5p,3091,1906,1,0.0,0.0115,0.1965,0.0015,True,0.010773909616395166
hsa-mir-429,hsa-mir-452-3p,3091,2673,1,0.0015,0.167,0.0395,0.0025,True,0.015961813563775434
hsa-mir-141-3p,hsa-mir-9-5p,3091,2908,1,0.0,0.016,0.028,0.0015,True,0.010773909616395166
hsa-mir-299-5p,hsa-mir-429,3091,2908,1,0.004,0.037,0.1,0.006,True,0.03065545276142417
hsa-mir-130a-3p,hsa-mir-376b-3p,3091,3099,1,0.0,0.029,0.062,0.0065,True,0.03241048791609667
hsa-mir-130a-3p,hsa-mir-497-3p,3091,3099,1,0.0,0.045,0.0105,0.008,True,0.03764616774970952
hsa-mir-125b-5p,hsa-mir-130a-3p,3091,3156,1,0.0015,0.193,0.511,0.0,True,0.0
hsa-mir-125b-5p,hsa-mir-497-3p,3091,3156,1,0.0005,0.2065,0.038,0.002,True,0.013460700437003755
hsa-mir-130a-3p,hsa-mir-7-1-3p,3091,3156,1,0.0,0.505,0.3635,0.0005,True,0.0044329671220659185
hsa-mir-518c-5p,hsa-mir-7-1-3p,3091,3156,1,0.0,0.619,0.358,0.0045,True,0.024807340374580926
hsa-mir-519c-3p,hsa-mir-7-1-3p,3091,3156,1,0.0,0.5935,0.353,0.0075,True,0.03589809809371649
hsa-mir-519d-3p,hsa-mir-7-1-3p,3091,3156,1,0.0,0.5405,0.319,0.0025,True,0.015961813563775434
hsa-mir-130a-3p,hsa-mir-204-5p,3091,3553,1,0.0,0.0875,0.3745,0.004,True,0.022728156096547065
hsa-mir-766-3p,hsa-mir-935,3091,3611,1,0.006,0.052,0.1185,0.0015,True,0.010773909616395166
hsa-mir-130a-3p,hsa-mir-130a-5p,3091,4170,1,0.0,0.0835,0.0425,0.002,True,0.013460700437003755
hsa-mir-130a-3p,hsa-mir-195-5p,3091,4170,1,0.0,0.085,0.7915,0.0015,True,0.010773909616395166
hsa-mir-130a-3p,hsa-mir-497-5p,3091,4170,1,0.0,0.089,0.6285,0.002,True,0.013460700437003755
hsa-mir-130a-5p,hsa-mir-935,3091,4170,1,0.0,0.064,0.9555,0.0025,True,0.015961813563775434
hsa-mir-130a-3p,hsa-mir-543,3091,4846,1,0.0,0.0115,0.2045,0.0025,True,0.015961813563775434
hsa-mir-106a-3p,hsa-mir-17-5p,3091,51107,1,0.0005,0.0455,0.3835,0.003,True,0.01833518710001956
hsa-mir-106a-3p,hsa-mir-20a-5p,3091,51107,1,0.0,0.0455,0.11,0.0045,True,0.024807340374580926
hsa-mir-106a-5p,hsa-mir-18a-5p,3091,51107,1,0.0015,0.148,0.723,0.004,True,0.022728156096547065
hsa-mir-142-5p,hsa-mir-17-5p,3091,51107,1,0.001,0.1635,0.349,0.003,True,0.01833518710001956
hsa-mir-15a-5p,hsa-mir-18a-5p,3091,51107,1,0.0,0.014,0.507,0.0,True,0.0
hsa-mir-15a-5p,hsa-mir-18b-5p,3091,51107,1,0.0,0.0245,0.369,0.004,True,0.022728156096547065
hsa-mir-15a-5p,hsa-mir-548d-3p,3091,51107,1,0.0,0.013,0.3785,0.006,True,0.03065545276142417
hsa-mir-16-1-3p,hsa-mir-17-5p,3091,51107,1,0.0,0.0155,0.292,0.0085,True,0.039335477591095694
hsa-mir-16-1-3p,hsa-mir-20a-5p,3091,51107,1,0.0,0.0225,0.1735,0.003,True,0.01833518710001956
hsa-mir-16-2-3p,hsa-mir-20a-5p,3091,51107,1,0.0005,0.0185,0.111,0.0005,True,0.0044329671220659185
hsa-mir-17-5p,hsa-mir-548d-3p,3091,51107,1,0.0,0.327,0.511,0.002,True,0.013460700437003755
hsa-mir-17-5p,hsa-mir-580-3p,3091,51107,1,0.0,0.254,0.115,0.0035,True,0.020577342867896125
hsa-mir-17-5p,hsa-mir-625-3p,3091,51107,1,0.0,0.3345,0.068,0.0015,True,0.010773909616395166
hsa-mir-18a-5p,hsa-mir-20a-5p,3091,51107,1,0.006,0.4975,0.077,0.007,True,0.03415371572630123
hsa-mir-18a-5p,hsa-mir-20b-5p,3091,51107,1,0.005,0.655,0.1685,0.0055,True,0.028730425643720442
hsa-mir-18b-5p,hsa-mir-20a-5p,3091,51107,1,0.0005,0.3805,0.1275,0.004,True,0.022728156096547065
hsa-mir-20a-5p,hsa-mir-548d-3p,3091,51107,1,0.0,0.082,0.3515,0.001,True,0.007828465063001146
hsa-mir-20a-5p,hsa-mir-580-3p,3091,51107,1,0.0,0.093,0.1555,0.006,True,0.03065545276142417
hsa-mir-20a-5p,hsa-mir-625-3p,3091,51107,1,0.0,0.159,0.0485,0.003,True,0.01833518710001956
hsa-mir-576-5p,hsa-mir-96-5p,3091,5315,1,0.0005,0.0345,0.4265,0.0,True,0.0
hsa-mir-130a-3p,hsa-mir-181d-5p,3091,5366,1,0.0,0.0265,0.0285,0.007,True,0.03415371572630123
hsa-mir-429,hsa-mir-889-3p,3091,5366,1,0.0,0.041,0.2215,0.005,True,0.026815439697876305
hsa-mir-106a-5p,hsa-mir-92b-3p,3091,55818,1,0.0,0.055,0.952,0.004,True,0.022728156096547065
hsa-mir-18a-5p,hsa-mir-497-3p,3091,55818,1,0.005,0.5325,0.0245,0.005,True,0.026815439697876305
hsa-mir-20b-5p,hsa-mir-92b-3p,3091,55818,1,0.0,0.091,0.9715,0.0025,True,0.015961813563775434
hsa-mir-429,hsa-mir-627-5p,3091,55818,1,0.0,0.078,0.104,0.0045,True,0.024807340374580926
hsa-mir-497-3p,hsa-mir-93-5p,3091,55818,1,0.001,0.022,0.678,0.0085,True,0.039335477591095694
hsa-mir-130a-3p,hsa-mir-196a-5p,3091,6095,1,0.0,0.179,0.1055,0.0,True,0.0
hsa-mir-130a-3p,hsa-mir-92b-3p,3091,6095,1,0.0,0.2385,0.0175,0.0,True,0.0
hsa-mir-19a-3p,hsa-mir-299-3p,3091,7018,1,0.0,0.08,0.0195,0.001,True,0.007828465063001146
hsa-mir-19a-3p,hsa-mir-497-3p,3091,7018,1,0.0,0.09,0.0645,0.0,True,0.0
hsa-mir-125b-5p,hsa-mir-130a-3p,3091,7037,1,0.0015,0.2035,0.157,0.0,True,0.0
hsa-mir-125b-5p,hsa-mir-299-5p,3091,7037,1,0.0,0.27,0.198,0.006,True,0.03065545276142417
hsa-mir-130a-3p,hsa-mir-450b-5p,3091,7037,1,0.0,0.162,0.0375,0.004,True,0.022728156096547065
hsa-mir-142-5p,hsa-mir-181d-5p,3091,7037,1,0.0005,0.023,0.176,0.002,True,0.013460700437003755
hsa-mir-16-2-3p,hsa-mir-181d-5p,3091,7037,1,0.0,0.0375,0.2355,0.003,True,0.01833518710001956
hsa-mir-16-2-3p,hsa-mir-196b-5p,3091,7037,1,0.0,0.065,0.0165,0.003,True,0.01833518710001956
hsa-mir-130a-3p,hsa-mir-195-5p,3091,8553,1,0.0,0.0935,0.017,0.004,True,0.022728156096547065
hsa-mir-134-5p,hsa-mir-199a-5p,3607,2222,1,0.0025,0.042,0.231,0.0085,True,0.039335477591095694
hsa-mir-106a-5p,hsa-mir-20b-5p,3659,3586,1,0.0005,0.2135,0.105,0.007,True,0.03415371572630123
hsa-mir-136-5p,hsa-mir-497-3p,3660,1654,1,0.0,0.3735,0.071,0.007,True,0.03415371572630123
hsa-mir-142-3p,hsa-mir-18a-5p,3660,4261,1,0.0055,0.0305,0.052,0.0085,True,0.039335477591095694
hsa-mir-136-5p,hsa-mir-377-5p,3660,4277,1,0.0,0.104,0.1875,0.004,True,0.022728156096547065
hsa-mir-519a-3p,hsa-mir-519d-3p,3660,4277,1,0.003,0.164,0.118,0.006,True,0.03065545276142417
hsa-mir-519c-3p,hsa-mir-519d-3p,3660,4277,1,0.0055,0.149,0.153,0.007,True,0.03415371572630123
hsa-mir-519d-3p,hsa-mir-520a-3p,3660,4277,1,0.002,0.159,0.1185,0.0015,True,0.010773909616395166
hsa-mir-519d-3p,hsa-mir-520d-3p,3660,4277,1,0.007,0.143,0.114,0.0005,True,0.0044329671220659185
hsa-mir-520c-3p,hsa-mir-520h,3660,56829,1,0.0025,0.0165,0.023,0.003,True,0.01833518710001956
hsa-mir-518f-5p,hsa-mir-520c-3p,3660,84924,1,0.0025,0.2765,0.3105,0.003,True,0.01833518710001956
hsa-mir-519a-5p,hsa-mir-519c-3p,3660,84924,1,0.002,0.2995,0.3885,0.0035,True,0.020577342867896125
hsa-mir-181a-2-3p,hsa-mir-2355-3p,3661,56927,1,0.0005,0.185,0.174,0.0065,True,0.03241048791609667
hsa-mir-34c-5p,hsa-mir-508-5p,3661,9266,1,0.0025,0.534,0.0385,0.0005,True,0.0044329671220659185
hsa-mir-497-3p,hsa-mir-92b-3p,3662,118788,1,0.0,0.05,0.02,0.0075,True,0.03589809809371649
hsa-let-7b-5p,hsa-mir-30a-5p,3662,51735,1,0.0,0.0135,0.0465,0.0025,True,0.015961813563775434
hsa-let-7b-5p,hsa-mir-182-5p,3662,57142,1,0.0,0.0285,0.2665,0.0055,True,0.028730425643720442
hsa-mir-130a-3p,hsa-mir-33a-3p,3662,57142,1,0.0,0.2025,0.025,0.0075,True,0.03589809809371649
hsa-mir-376b-3p,hsa-mir-497-3p,3662,84541,1,0.0,0.0375,0.107,0.001,True,0.007828465063001146
hsa-mir-212-3p,hsa-mir-33a-3p,3662,8837,1,0.0,0.069,0.0575,0.006,True,0.03065545276142417
hsa-mir-150-5p,hsa-mir-3065-5p,3662,9910,1,0.0,0.0105,0.797,0.0055,True,0.028730425643720442
hsa-mir-150-5p,hsa-mir-3157-5p,3662,9910,1,0.0,0.0105,0.019,0.0,True,0.0
hsa-let-7b-5p,hsa-mir-195-3p,367,27316,1,0.0,0.0155,0.071,0.002,True,0.013460700437003755
hsa-let-7b-5p,hsa-mir-31-5p,367,27316,1,0.0,0.0135,0.0165,0.0,True,0.0
hsa-let-7b-5p,hsa-mir-323a-3p,367,3178,1,0.0,0.0325,0.5455,0.0075,True,0.03589809809371649
hsa-let-7b-5p,hsa-mir-381-3p,367,3178,1,0.0,0.0285,0.198,0.001,True,0.007828465063001146
hsa-let-7b-5p,hsa-mir-411-5p,367,3178,1,0.0,0.0255,0.53,0.0,True,0.0
hsa-let-7b-5p,hsa-mir-518c-5p,367,3178,1,0.0,0.0265,0.499,0.0,True,0.0
hsa-mir-195-3p,hsa-mir-411-5p,367,3178,1,0.0065,0.0135,0.533,0.0065,True,0.03241048791609667
hsa-mir-31-5p,hsa-mir-381-3p,367,3178,1,0.0,0.1635,0.229,0.0085,True,0.039335477591095694
hsa-let-7b-5p,hsa-mir-31-5p,367,4609,1,0.0,0.152,0.0495,0.0055,True,0.028730425643720442
hsa-mir-30a-3p,hsa-mir-381-3p,367,4609,1,0.0015,0.0335,0.168,0.0035,True,0.020577342867896125
hsa-mir-30a-5p,hsa-mir-381-3p,367,4609,1,0.0045,0.025,0.1285,0.0095,True,0.0426185562780775
hsa-mir-31-5p,hsa-mir-512-5p,367,4609,1,0.0,0.047,0.159,0.0075,True,0.03589809809371649
hsa-mir-31-5p,hsa-mir-516a-5p,367,4609,1,0.0,0.0495,0.1655,0.001,True,0.007828465063001146
hsa-let-7b-5p,hsa-mir-31-5p,367,5528,1,0.0,0.0615,0.235,0.0,True,0.0
hsa-mir-195-3p,hsa-mir-199a-3p,367,5528,1,0.002,0.046,0.141,0.0005,True,0.0044329671220659185
hsa-mir-141-3p,hsa-mir-195-3p,367,5743,-1,0.0015,0.3965,0.0405,0.0005,True,0.0044329671220659185
hsa-let-7b-5p,hsa-mir-125a-5p,367,6659,1,0.0,0.1045,0.0135,0.0015,True,0.010773909616395166
hsa-let-7b-5p,hsa-mir-125b-5p,367,6659,1,0.0,0.1095,0.019,0.0,True,0.0
hsa-let-7b-5p,hsa-mir-519a-3p,367,6659,1,0.0,0.109,0.501,0.0,True,0.0
hsa-mir-125b-5p,hsa-mir-195-3p,367,6659,1,0.0,0.019,0.084,0.0,True,0.0
hsa-mir-125b-5p,hsa-mir-31-5p,367,6659,1,0.0,0.0175,0.292,0.0,True,0.0
hsa-mir-125b-5p,hsa-mir-381-3p,367,6659,1,0.0,0.018,0.0815,0.0,True,0.0
hsa-mir-195-3p,hsa-mir-3065-5p,367,6659,1,0.0025,0.078,0.024,0.001,True,0.007828465063001146
hsa-mir-195-3p,hsa-mir-519a-3p,367,6659,1,0.001,0.0735,0.4885,0.0015,True,0.010773909616395166
hsa-mir-195-3p,hsa-mir-519c-3p,367,6659,1,0.0035,0.068,0.5115,0.0,True,0.0
hsa-mir-195-3p,hsa-mir-519d-3p,367,6659,1,0.0025,0.067,0.454,0.001,True,0.007828465063001146
hsa-mir-30a-5p,hsa-mir-30c-2-3p,367,6659,1,0.0015,0.023,0.0195,0.001,True,0.007828465063001146
hsa-let-7b-5p,hsa-mir-195-3p,367,84240,1,0.0,0.0205,0.027,0.0045,True,0.024807340374580926
hsa-let-7b-5p,hsa-mir-381-3p,367,84240,1,0.0,0.014,0.065,0.001,True,0.007828465063001146
hsa-mir-181d-5p,hsa-mir-30a-5p,367,8668,1,0.008,0.0675,0.0385,0.0015,True,0.010773909616395166
hsa-mir-30a-5p,hsa-mir-31-5p,367,8815,1,0.0025,0.0195,0.1005,0.001,True,0.007828465063001146
hsa-mir-130a-3p,hsa-mir-940,3725,1906,1,0.0,0.0175,0.16,0.0025,True,0.015961813563775434
hsa-mir-3065-3p,hsa-mir-940,3725,2353,1,0.0015,0.525,0.3545,0.008,True,0.03764616774970952
hsa-mir-1304-5p,hsa-mir-149-3p,3725,3371,1,0.001,0.1935,0.2855,0.002,True,0.013460700437003755
hsa-mir-1304-5p,hsa-mir-149-5p,3725,3371,1,0.0015,0.1425,0.753,0.0005,True,0.0044329671220659185
hsa-mir-128-3p,hsa-mir-450b-5p,3725,4313,1,0.0,0.0105,0.4765,0.0055,True,0.028730425643720442
hsa-mir-181c-3p,hsa-mir-199b-5p,3726,3778,1,0.0,0.02,0.454,0.0025,True,0.015961813563775434
hsa-mir-15b-5p,hsa-mir-9-5p,4088,1277,1,0.0,0.0605,0.076,0.007,True,0.03415371572630123
hsa-mir-2355-5p,hsa-mir-497-5p,4088,1281,1,0.0,0.0235,0.074,0.002,True,0.013460700437003755
hsa-mir-15b-5p,hsa-mir-548t-5p,4089,862,1,0.001,0.0995,0.052,0.0075,True,0.03589809809371649
hsa-mir-301b-3p,hsa-mir-4326,4089,862,1,0.0,0.0255,0.041,0.003,True,0.01833518710001956
hsa-let-7b-5p,hsa-mir-145-5p,4090,6670,1,0.0,0.605,0.316,0.009,True,0.04098415408641332
hsa-let-7b-5p,hsa-mir-30c-2-3p,4090,6670,1,0.0,0.6005,0.491,0.003,True,0.01833518710001956
hsa-mir-141-3p,hsa-mir-485-3p,4090,6670,1,0.0035,0.1595,0.02,0.0045,True,0.024807340374580926
hsa-mir-15b-5p,hsa-mir-204-5p,4097,23446,1,0.0,0.0105,0.3275,0.001,True,0.007828465063001146
hsa-let-7b-5p,hsa-mir-125b-5p,4149,1021,1,0.0075,0.0245,0.013,0.0,True,0.0
hsa-mir-125a-5p,hsa-mir-30c-2-3p,4150,3185,1,0.0025,0.0115,0.101,0.0025,True,0.015961813563775434
hsa-mir-125a-5p,hsa-mir-30a-5p,4150,84678,1,0.002,0.2305,0.0685,0.006,True,0.03065545276142417
hsa-mir-19a-3p,hsa-mir-519a-3p,4205,116496,1,0.0,0.1435,0.6545,0.008,True,0.03764616774970952
hsa-mir-19a-3p,hsa-mir-92b-3p,4205,116496,1,0.0,0.1095,0.053,0.001,True,0.007828465063001146
hsa-mir-33a-5p,hsa-mir-3613-5p,4205,116496,1,0.0,0.018,0.046,0.0045,True,0.024807340374580926
hsa-mir-142-3p,hsa-mir-212-3p,4205,23002,1,0.0,0.0185,0.53,0.0045,True,0.024807340374580926
hsa-mir-128-3p,hsa-mir-299-5p,4205,23112,1,0.0005,0.511,0.024,0.009,True,0.04098415408641332
hsa-mir-135b-5p,hsa-mir-17-5p,4205,23112,1,0.004,0.1215,0.89,0.0065,True,0.03241048791609667
hsa-mir-135b-5p,hsa-mir-18b-5p,4205,23112,1,0.0015,0.117,0.5995,0.006,True,0.03065545276142417
hsa-mir-299-5p,hsa-mir-3613-5p,4205,23112,1,0.0085,0.0205,0.9805,0.0,True,0.0
hsa-mir-18a-5p,hsa-mir-92a-1-5p,4205,23167,1,0.0,0.022,0.0125,0.008,True,0.03764616774970952
hsa-mir-33a-5p,hsa-mir-92a-1-5p,4205,23167,1,0.0,0.0115,0.03,0.006,True,0.03065545276142417
hsa-mir-7-1-3p,hsa-mir-92a-1-5p,4205,23167,1,0.0,0.0135,0.02,0.001,True,0.007828465063001146
hsa-mir-128-3p,hsa-mir-15a-5p,4205,51719,1,0.0,0.105,0.0375,0.003,True,0.01833518710001956
hsa-mir-30a-5p,hsa-mir-3662,4205,687,1,0.004,0.073,0.032,0.0045,True,0.024807340374580926
hsa-mir-30a-3p,hsa-mir-497-5p,4205,79718,1,0.0065,0.5905,0.123,0.007,True,0.03415371572630123
hsa-mir-128-3p,hsa-mir-195-5p,4205,80223,1,0.0005,0.469,0.0345,0.0085,True,0.039335477591095694
hsa-mir-130b-3p,hsa-mir-135b-5p,4205,80223,1,0.0,0.4175,0.0715,0.002,True,0.013460700437003755
hsa-mir-135b-5p,hsa-mir-20b-5p,4205,80223,1,0.005,0.08,0.354,0.002,True,0.013460700437003755
hsa-mir-20b-3p,hsa-mir-2355-5p,4208,1809,1,0.0,0.032,0.581,0.006,True,0.03065545276142417
hsa-mir-15b-5p,hsa-mir-200c-3p,4211,23414,1,0.0,0.017,0.072,0.0075,True,0.03589809809371649
hsa-mir-196b-5p,hsa-mir-3613-5p,4211,285527,1,0.0,0.018,0.329,0.0045,True,0.024807340374580926
hsa-mir-495-3p,hsa-mir-545-5p,4211,29940,1,0.0,0.045,0.0305,0.0025,True,0.015961813563775434
hsa-mir-106a-5p,hsa-mir-497-3p,4212,2115,1,0.0,0.0145,0.2385,0.0095,True,0.0426185562780775
hsa-mir-20b-5p,hsa-mir-497-3p,4212,2115,1,0.0,0.0245,0.245,0.0,True,0.0
hsa-mir-135b-5p,hsa-mir-31-5p,4609,1019,1,0.005,0.0575,0.1935,0.0035,True,0.020577342867896125
hsa-mir-125b-5p,hsa-mir-195-3p,4609,10483,1,0.004,0.2025,0.012,0.0025,True,0.015961813563775434
hsa-mir-125b-5p,hsa-mir-195-5p,4609,10483,1,0.0025,0.2325,0.017,0.007,True,0.03415371572630123
hsa-mir-125a-5p,hsa-mir-592,4609,2194,1,0.0,0.027,0.0845,0.0085,True,0.039335477591095694
hsa-mir-135b-5p,hsa-mir-182-5p,4609,2305,1,0.006,0.0365,0.332,0.008,True,0.03764616774970952
hsa-mir-101-5p,hsa-mir-195-3p,4609,23468,1,0.0045,0.56,0.327,0.001,True,0.007828465063001146
hsa-mir-125b-5p,hsa-mir-199b-5p,4609,262,1,0.003,0.4145,0.396,0.0025,True,0.015961813563775434
hsa-mir-125a-5p,hsa-mir-512-5p,4609,4869,1,0.0,0.0785,0.8055,0.001,True,0.007828465063001146
hsa-mir-125a-5p,hsa-mir-516a-5p,4609,4869,1,0.0,0.114,0.5155,0.0045,True,0.024807340374580926
hsa-mir-130b-3p,hsa-mir-15b-5p,4609,5315,1,0.0,0.0575,0.1595,0.0065,True,0.03241048791609667
hsa-mir-15b-5p,hsa-mir-33a-5p,4609,5315,1,0.0,0.146,0.636,0.003,True,0.01833518710001956
hsa-mir-15b-5p,hsa-mir-592,4609,5315,1,0.0,0.15,0.2055,0.0,True,0.0
hsa-mir-101-5p,hsa-mir-130a-3p,4609,5591,1,0.0025,0.348,0.139,0.005,True,0.026815439697876305
hsa-mir-429,hsa-mir-499a-5p,4609,56916,1,0.003,0.583,0.36,0.005,True,0.026815439697876305
hsa-mir-429,hsa-mir-512-5p,4609,5728,1,0.003,0.012,0.0315,0.003,True,0.01833518710001956
hsa-mir-429,hsa-mir-495-3p,4609,595,-1,0.0015,0.0135,0.499,0.006,True,0.03065545276142417
hsa-mir-429,hsa-mir-516b-5p,4609,595,-1,0.004,0.0155,0.0415,0.0,True,0.0
hsa-mir-125b-5p,hsa-mir-30a-3p,4609,6573,1,0.004,0.6535,0.07,0.0,True,0.0
hsa-mir-125b-5p,hsa-mir-30a-5p,4609,6573,1,0.004,0.6595,0.103,0.0005,True,0.0044329671220659185
hsa-mir-135b-5p,hsa-mir-182-5p,4609,672,1,0.006,0.0485,0.5025,0.007,True,0.03415371572630123
hsa-mir-125b-5p,hsa-mir-130a-3p,4609,7037,1,0.005,0.2035,0.157,0.0,True,0.0
hsa-mir-125b-5p,hsa-mir-195-3p,4609,7037,1,0.004,0.26,0.023,0.001,True,0.007828465063001146
hsa-mir-16-2-3p,hsa-mir-181d-5p,4609,7037,1,0.0005,0.0375,0.2355,0.003,True,0.01833518710001956
hsa-mir-16-2-3p,hsa-mir-196b-5p,4609,7037,1,0.0,0.065,0.0165,0.003,True,0.01833518710001956
hsa-mir-301b-3p,hsa-mir-450b-5p,4609,7037,1,0.0,0.574,0.0385,0.0075,True,0.03589809809371649
hsa-mir-450b-5p,hsa-mir-497-5p,4609,7037,1,0.0,0.0415,0.0145,0.0035,True,0.020577342867896125
hsa-mir-203a-3p,hsa-mir-497-5p,4609,7150,1,0.006,0.223,0.094,0.0095,True,0.0426185562780775
hsa-mir-101-5p,hsa-mir-184,4609,8837,-1,0.0005,0.0395,0.2975,0.0,True,0.0
hsa-mir-125a-5p,hsa-mir-514a-3p,4773,3458,1,0.0,0.0615,0.1235,0.008,True,0.03764616774970952
hsa-mir-1271-5p,hsa-mir-150-5p,4779,55209,1,0.0,0.0275,0.0315,0.0065,True,0.03241048791609667
hsa-mir-181d-5p,hsa-mir-33a-5p,4779,7145,1,0.0005,0.0185,0.021,0.001,True,0.007828465063001146
hsa-mir-33a-3p,hsa-mir-545-5p,4780,7050,1,0.0005,0.192,0.016,0.0065,True,0.03241048791609667
hsa-mir-1271-5p,hsa-mir-15a-5p,4790,1435,1,0.0035,0.5425,0.067,0.0045,True,0.024807340374580926
hsa-mir-130b-3p,hsa-mir-195-5p,4790,4144,1,0.0,0.013,0.037,0.001,True,0.007828465063001146
hsa-mir-205-5p,hsa-mir-363-5p,4790,7076,-1,0.002,0.106,0.019,0.007,True,0.03415371572630123
hsa-mir-149-5p,hsa-mir-205-5p,4790,7980,1,0.007,0.0595,0.0285,0.0085,True,0.039335477591095694
hsa-mir-141-3p,hsa-mir-4326,4800,6670,1,0.0,0.1485,0.2555,0.003,True,0.01833518710001956
hsa-mir-485-3p,hsa-mir-493-5p,4801,1164,1,0.0,0.0655,0.8535,0.0075,True,0.03589809809371649
hsa-mir-136-5p,hsa-mir-485-3p,4801,2035,1,0.0,0.1215,0.237,0.005,True,0.026815439697876305
hsa-mir-136-5p,hsa-mir-199a-5p,4801,2222,1,0.0,0.2115,0.2405,0.004,True,0.022728156096547065
hsa-let-7b-5p,hsa-mir-30a-5p,4801,29128,1,0.0015,0.0575,0.0875,0.0075,True,0.03589809809371649
hsa-let-7b-5p,hsa-mir-92b-3p,4801,29128,1,0.0005,0.0455,0.025,0.001,True,0.007828465063001146
hsa-mir-136-5p,hsa-mir-199a-3p,4801,4154,1,0.0,0.0205,0.3285,0.006,True,0.03065545276142417
hsa-let-7b-5p,hsa-mir-485-3p,4801,4925,1,0.0005,0.081,0.174,0.007,True,0.03415371572630123
hsa-mir-136-5p,hsa-mir-3170,4801,80219,1,0.0,0.0175,0.024,0.003,True,0.01833518710001956
hsa-mir-128-3p,hsa-mir-92b-3p,4801,9451,1,0.0,0.147,0.945,0.004,True,0.022728156096547065
hsa-mir-181a-5p,hsa-mir-92b-3p,4801,9451,1,0.0,0.112,0.9415,0.005,True,0.026815439697876305
hsa-mir-30c-2-3p,hsa-mir-411-3p,4899,11338,1,0.0,0.0115,0.0915,0.0075,True,0.03589809809371649
hsa-mir-30a-5p,hsa-mir-377-3p,4899,1155,1,0.002,0.0105,0.1355,0.0015,True,0.010773909616395166
hsa-mir-30a-5p,hsa-mir-411-3p,4899,1155,1,0.001,0.011,0.0205,0.0,True,0.0
hsa-mir-31-5p,hsa-mir-379-3p,4899,7536,1,0.006,0.04,0.0595,0.001,True,0.007828465063001146
hsa-mir-379-3p,hsa-mir-92b-3p,4899,7536,1,0.002,0.044,0.1025,0.0065,True,0.03241048791609667
hsa-let-7b-5p,hsa-mir-30a-3p,5089,1859,1,0.0,0.04,0.24,0.0005,True,0.0044329671220659185
hsa-let-7b-5p,hsa-mir-31-3p,5089,1859,1,0.0,0.0415,0.0715,0.0005,True,0.0044329671220659185
hsa-let-7b-5p,hsa-mir-31-5p,5089,1859,1,0.0,0.046,0.0505,0.0005,True,0.0044329671220659185
hsa-let-7b-5p,hsa-mir-522-3p,5089,1859,1,0.0,0.042,0.0525,0.0,True,0.0
hsa-mir-130b-5p,hsa-mir-766-3p,5089,29123,1,0.0005,0.014,0.0855,0.001,True,0.007828465063001146
hsa-let-7b-5p,hsa-mir-125a-5p,5089,3720,1,0.0,0.0655,0.025,0.0005,True,0.0044329671220659185
hsa-let-7b-5p,hsa-mir-125b-5p,5089,3720,1,0.0,0.0655,0.0205,0.0,True,0.0
hsa-let-7b-5p,hsa-mir-31-5p,5089,3720,1,0.0,0.059,0.0615,0.0005,True,0.0044329671220659185
hsa-let-7b-5p,hsa-mir-520h,5089,3720,1,0.0,0.079,0.103,0.0,True,0.0
hsa-mir-203a-3p,hsa-mir-377-5p,5090,10666,1,0.0085,0.059,0.1335,0.0065,True,0.03241048791609667
hsa-mir-1296-5p,hsa-mir-195-5p,5090,23286,1,0.0,0.0235,0.029,0.0095,True,0.0426185562780775
hsa-mir-195-5p,hsa-mir-519d-3p,5090,23286,1,0.0,0.027,0.039,0.0065,True,0.03241048791609667
hsa-mir-195-5p,hsa-mir-520a-3p,5090,23286,1,0.0,0.031,0.036,0.006,True,0.03065545276142417
hsa-mir-195-5p,hsa-mir-520c-3p,5090,23286,1,0.0,0.023,0.0575,0.0025,True,0.015961813563775434
hsa-mir-195-5p,hsa-mir-520d-3p,5090,23286,1,0.0,0.027,0.0295,0.0055,True,0.028730425643720442
hsa-mir-195-5p,hsa-mir-520g-3p,5090,23286,1,0.0005,0.03,0.042,0.002,True,0.013460700437003755
hsa-mir-195-5p,hsa-mir-520h,5090,23286,1,0.0,0.0455,0.054,0.002,True,0.013460700437003755
hsa-mir-195-5p,hsa-mir-452-5p,51176,6929,1,0.006,0.0575,0.8865,0.0015,True,0.010773909616395166
hsa-mir-141-3p,hsa-mir-196a-5p,51274,4644,1,0.004,0.0175,0.018,0.0,True,0.0
hsa-mir-204-5p,hsa-mir-301b-3p,51341,23295,-1,0.0005,0.011,0.3655,0.0055,True,0.028730425643720442
hsa-mir-204-5p,hsa-mir-410-3p,51341,23295,-1,0.0,0.0125,0.066,0.004,True,0.022728156096547065
hsa-mir-130a-5p,hsa-mir-144-3p,51341,8570,-1,0.0,0.059,0.0195,0.0,True,0.0
hsa-mir-30a-5p,hsa-mir-377-5p,5316,9519,1,0.0005,0.071,0.016,0.009,True,0.04098415408641332
hsa-mir-136-5p,hsa-mir-410-3p,55810,26137,1,0.002,0.275,0.7475,0.0045,True,0.024807340374580926
hsa-mir-19a-3p,hsa-mir-20b-5p,55810,27086,1,0.005,0.0425,0.0165,0.005,True,0.026815439697876305
hsa-mir-130a-3p,hsa-mir-520g-3p,5629,10371,1,0.0,0.122,0.687,0.005,True,0.026815439697876305
hsa-mir-130a-3p,hsa-mir-520h,5629,10371,1,0.0005,0.1175,0.7645,0.002,True,0.013460700437003755
hsa-mir-15a-5p,hsa-mir-181a-5p,571,117584,1,0.001,0.014,0.0125,0.0,True,0.0
hsa-mir-16-1-3p,hsa-mir-181a-5p,571,117584,1,0.0005,0.029,0.0155,0.0,True,0.0
hsa-mir-125b-5p,hsa-mir-520d-3p,571,79745,1,0.0,0.2555,0.0975,0.0075,True,0.03589809809371649
hsa-let-7b-3p,hsa-mir-31-5p,571,8871,1,0.0015,0.2745,0.5055,0.005,True,0.026815439697876305
hsa-mir-125b-5p,hsa-mir-30a-3p,571,8871,1,0.0,0.4245,0.59,0.0055,True,0.028730425643720442
hsa-mir-30a-3p,hsa-mir-497-3p,571,8871,1,0.0,0.6165,0.1845,0.0055,True,0.028730425643720442
hsa-mir-30a-3p,hsa-mir-497-5p,571,8871,1,0.001,0.566,0.2485,0.006,True,0.03065545276142417
hsa-mir-31-5p,hsa-mir-497-3p,571,8871,1,0.0035,0.4675,0.1875,0.0035,True,0.020577342867896125
hsa-mir-1291,hsa-mir-1304-5p,5914,1026,1,0.001,0.7815,0.061,0.0095,True,0.0426185562780775
hsa-mir-150-5p,hsa-mir-940,5914,5578,1,0.002,0.0325,0.0145,0.001,True,0.007828465063001146
hsa-mir-181a-5p,hsa-mir-9-5p,639,2078,1,0.0,0.1765,0.0535,0.0055,True,0.028730425643720442
hsa-mir-577,hsa-mir-99a-5p,639,4609,-1,0.003,0.028,0.018,0.0095,True,0.0426185562780775
hsa-let-7b-5p,hsa-mir-30a-3p,6667,102,1,0.0,0.0145,0.0165,0.0055,True,0.028730425643720442
hsa-mir-30a-3p,hsa-mir-369-3p,6667,102,1,0.0005,0.0365,0.0255,0.007,True,0.03415371572630123
hsa-mir-410-3p,hsa-mir-548v,6667,1027,1,0.0005,0.0715,0.717,0.0075,True,0.03589809809371649
hsa-mir-17-5p,hsa-mir-548b-3p,6667,1386,1,0.0005,0.024,0.584,0.0045,True,0.024807340374580926
hsa-let-7b-5p,hsa-mir-31-3p,6667,1457,1,0.0,0.0115,0.181,0.002,True,0.013460700437003755
hsa-mir-125a-5p,hsa-mir-410-3p,6667,1457,1,0.0,0.134,0.017,0.0095,True,0.0426185562780775
hsa-mir-130b-3p,hsa-mir-181a-5p,6667,1490,1,0.0,0.087,0.051,0.0055,True,0.028730425643720442
hsa-mir-181b-5p,hsa-mir-2355-5p,6667,1490,1,0.0035,0.0365,0.5975,0.008,True,0.03764616774970952
hsa-mir-181b-5p,hsa-mir-25-3p,6667,1490,1,0.0035,0.0355,0.1505,0.0055,True,0.028730425643720442
hsa-mir-141-3p,hsa-mir-429,6667,1545,1,0.0085,0.058,0.117,0.0,True,0.0
hsa-let-7b-5p,hsa-mir-34c-5p,6667,2332,1,0.0,0.0125,0.144,0.004,True,0.022728156096547065
hsa-let-7a-2-3p,hsa-mir-129-5p,6667,2683,1,0.0,0.3125,0.3995,0.004,True,0.022728156096547065
hsa-mir-1296-5p,hsa-mir-181c-5p,6667,2683,1,0.0005,0.085,0.0155,0.001,True,0.007828465063001146
hsa-mir-130a-3p,hsa-mir-33a-5p,6667,2697,1,0.0,0.175,0.0265,0.0035,True,0.020577342867896125
hsa-mir-299-5p,hsa-mir-429,6667,2908,1,0.0015,0.037,0.1,0.006,True,0.03065545276142417
hsa-mir-181c-5p,hsa-mir-3065-5p,6667,3815,1,0.0,0.262,0.1245,0.0035,True,0.020577342867896125
hsa-mir-183-5p,hsa-mir-96-5p,6667,4089,1,0.005,0.032,0.4455,0.0025,True,0.015961813563775434
hsa-mir-130b-3p,hsa-mir-195-5p,6667,4144,1,0.0005,0.013,0.037,0.001,True,0.007828465063001146
hsa-mir-15b-3p,hsa-mir-196b-5p,6667,4144,1,0.0065,0.037,0.02,0.0055,True,0.028730425643720442
hsa-mir-3065-3p,hsa-mir-7-5p,6667,4144,1,0.0,0.1895,0.111,0.0085,True,0.039335477591095694
hsa-mir-3065-5p,hsa-mir-940,6667,4144,1,0.0,0.0155,0.023,0.0035,True,0.020577342867896125
hsa-mir-383-5p,hsa-mir-497-3p,6667,4144,1,0.0,0.6745,0.2255,0.0035,True,0.020577342867896125
hsa-mir-130a-3p,hsa-mir-130a-5p,6667,4170,1,0.0,0.0835,0.0425,0.002,True,0.013460700437003755
hsa-mir-130a-3p,hsa-mir-195-5p,6667,4170,1,0.0,0.085,0.7915,0.0015,True,0.010773909616395166
hsa-mir-130a-3p,hsa-mir-497-5p,6667,4170,1,0.0,0.089,0.6285,0.002,True,0.013460700437003755
hsa-mir-130a-5p,hsa-mir-301b-3p,6667,4170,1,0.0025,0.0455,0.0165,0.003,True,0.01833518710001956
hsa-mir-17-5p,hsa-mir-2355-5p,6667,4313,1,0.004,0.0505,0.0955,0.002,True,0.013460700437003755
hsa-mir-25-3p,hsa-mir-376c-3p,6667,472,1,0.001,0.038,0.1795,0.0065,True,0.03241048791609667
hsa-mir-181c-5p,hsa-mir-3065-5p,6667,5743,1,0.0,0.045,0.015,0.004,True,0.022728156096547065
hsa-mir-299-5p,hsa-mir-519c-3p,6667,5925,1,0.001,0.4755,0.654,0.0065,True,0.03241048791609667
hsa-mir-299-5p,hsa-mir-519d-3p,6667,5925,1,0.0005,0.5205,0.667,0.0085,True,0.039335477591095694
hsa-mir-130a-3p,hsa-mir-195-5p,6667,595,1,0.0,0.0205,0.0105,0.0045,True,0.024807340374580926
hsa-mir-130a-3p,hsa-mir-497-5p,6667,595,1,0.0,0.025,0.0205,0.002,True,0.013460700437003755
hsa-mir-3065-3p,hsa-mir-30a-3p,6667,5966,1,0.0,0.2585,0.0285,0.0,True,0.0
hsa-mir-3065-5p,hsa-mir-30a-5p,6667,5966,1,0.0,0.092,0.0515,0.0,True,0.0
hsa-mir-130a-3p,hsa-mir-196a-5p,6667,6095,1,0.0,0.179,0.1055,0.0,True,0.0
hsa-mir-130a-3p,hsa-mir-92b-3p,6667,6095,1,0.0,0.2385,0.0175,0.0,True,0.0
hsa-mir-150-5p,hsa-mir-96-5p,6667,6095,1,0.001,0.0255,0.9525,0.0,True,0.0
hsa-mir-33b-3p,hsa-mir-885-5p,6667,6095,1,0.0005,0.0445,0.8455,0.006,True,0.03065545276142417
hsa-mir-150-5p,hsa-mir-155-3p,6667,6374,1,0.001,0.012,0.101,0.002,True,0.013460700437003755
hsa-let-7b-5p,hsa-mir-145-5p,6667,6670,1,0.0,0.605,0.316,0.009,True,0.04098415408641332
hsa-mir-30a-3p,hsa-mir-31-5p,6667,6670,1,0.004,0.386,0.3185,0.0,True,0.0
hsa-mir-3065-5p,hsa-mir-504-5p,6667,7422,1,0.0,0.0505,0.201,0.0,True,0.0
hsa-let-7b-3p,hsa-mir-30a-3p,6667,7528,1,0.0,0.6165,0.417,0.001,True,0.007828465063001146
hsa-let-7b-3p,hsa-mir-31-3p,6667,7528,1,0.0,0.63,0.1715,0.0,True,0.0
hsa-let-7b-5p,hsa-mir-30a-3p,6667,7528,1,0.0,0.3355,0.4145,0.0055,True,0.028730425643720442
hsa-let-7b-5p,hsa-mir-31-3p,6667,7528,1,0.0,0.3495,0.157,0.005,True,0.026815439697876305
hsa-mir-125a-5p,hsa-mir-31-3p,6667,7528,1,0.0,0.8525,0.184,0.002,True,0.013460700437003755
hsa-mir-31-5p,hsa-mir-497-5p,6667,7528,1,0.0,0.1565,0.068,0.004,True,0.022728156096547065
hsa-mir-512-3p,hsa-mir-518a-5p,6668,11100,1,0.0005,0.0825,0.0845,0.0065,True,0.03241048791609667
hsa-mir-512-3p,hsa-mir-520a-3p,6668,11100,1,0.0035,0.1025,0.0535,0.0,True,0.0
hsa-mir-512-3p,hsa-mir-520d-3p,6668,11100,1,0.003,0.0715,0.0435,0.0,True,0.0
hsa-let-7b-5p,hsa-mir-182-5p,6668,55159,1,0.0015,0.078,0.165,0.0005,True,0.0044329671220659185
hsa-let-7b-5p,hsa-mir-512-3p,6668,55159,1,0.0005,0.0655,0.5145,0.0,True,0.0
hsa-mir-15a-5p,hsa-mir-16-1-3p,6671,152006,1,0.0025,0.0205,0.0215,0.006,True,0.03065545276142417
hsa-mir-106a-5p,hsa-mir-7-1-3p,6671,2957,1,0.0,0.067,0.05,0.004,True,0.022728156096547065
hsa-mir-3922-3p,hsa-mir-7-1-3p,6671,2957,1,0.001,0.212,0.046,0.0035,True,0.020577342867896125
hsa-mir-205-5p,hsa-mir-30c-2-3p,6671,7528,1,0.0,0.0135,0.2165,0.0045,True,0.024807340374580926
hsa-mir-20a-5p,hsa-mir-653-5p,6772,10379,1,0.0,0.5545,0.0105,0.001,True,0.007828465063001146
hsa-mir-181a-2-3p,hsa-mir-181a-5p,6772,3133,1,0.0,0.07,0.0975,0.0095,True,0.0426185562780775
hsa-mir-130a-5p,hsa-mir-150-5p,6772,54625,1,0.0,0.0505,0.251,0.008,True,0.03764616774970952
hsa-mir-130a-3p,hsa-mir-494-3p,6772,5610,1,0.0015,0.3695,0.127,0.0055,True,0.028730425643720442
hsa-mir-181a-5p,hsa-mir-7-5p,6772,7711,1,0.0,0.0615,0.156,0.005,True,0.026815439697876305
hsa-mir-33a-5p,hsa-mir-548s,6773,83666,1,0.0005,0.031,0.044,0.0095,True,0.0426185562780775
hsa-mir-106a-5p,hsa-mir-20b-5p,6774,3586,1,0.0,0.2135,0.105,0.007,True,0.03415371572630123
hsa-mir-301b-3p,hsa-mir-766-3p,6774,4919,1,0.0,0.083,0.015,0.0015,True,0.010773909616395166
hsa-mir-106a-5p,hsa-mir-9-5p,6774,7291,1,0.0,0.1205,0.017,0.001,True,0.007828465063001146
hsa-mir-16-1-3p,hsa-mir-301b-3p,6774,7291,1,0.0,0.748,0.2275,0.0015,True,0.010773909616395166
hsa-mir-181b-5p,hsa-mir-9-5p,6774,7291,1,0.0,0.303,0.0105,0.0,True,0.0
hsa-mir-18b-5p,hsa-mir-9-5p,6774,7291,1,0.0,0.212,0.011,0.0085,True,0.039335477591095694
hsa-mir-301b-3p,hsa-mir-580-3p,6774,7291,1,0.0,0.197,0.052,0.0085,True,0.039335477591095694
hsa-mir-3065-3p,hsa-mir-582-3p,688,1999,1,0.0035,0.0975,0.2005,0.006,True,0.03065545276142417
hsa-mir-130b-3p,hsa-mir-195-5p,688,7764,1,0.0,0.017,0.03,0.0095,True,0.0426185562780775
hsa-mir-15a-5p,hsa-mir-15b-5p,688,7764,1,0.0,0.1215,0.232,0.0035,True,0.020577342867896125
hsa-mir-181a-5p,hsa-mir-9-5p,6886,2078,1,0.0,0.1765,0.0535,0.0055,True,0.028730425643720442
hsa-mir-142-5p,hsa-mir-17-5p,6886,51594,1,0.0,0.017,0.0165,0.0005,True,0.0044329671220659185
hsa-mir-142-5p,hsa-mir-20a-5p,6886,51594,1,0.0,0.015,0.035,0.0015,True,0.010773909616395166
hsa-mir-130a-3p,hsa-mir-497-3p,6908,4609,1,0.0005,0.1275,0.0665,0.005,True,0.026815439697876305
hsa-mir-106a-5p,hsa-mir-33a-3p,6925,200734,1,0.0,0.1215,0.734,0.004,True,0.022728156096547065
hsa-mir-19a-3p,hsa-mir-20b-5p,6925,27086,1,0.0,0.0425,0.0165,0.005,True,0.026815439697876305
hsa-mir-18a-3p,hsa-mir-204-5p,6925,285220,1,0.0,0.1125,0.066,0.0095,True,0.0426185562780775
hsa-mir-130a-3p,hsa-mir-495-3p,6925,5097,1,0.0,0.0795,0.3205,0.0005,True,0.0044329671220659185
hsa-mir-130a-3p,hsa-mir-195-5p,6925,595,1,0.0,0.0205,0.0105,0.0045,True,0.024807340374580926
hsa-mir-130a-3p,hsa-mir-497-5p,6925,595,1,0.0,0.025,0.0205,0.002,True,0.013460700437003755
hsa-mir-320d,hsa-mir-760,6925,7227,1,0.002,0.303,0.085,0.006,True,0.03065545276142417
hsa-mir-125a-5p,hsa-mir-221-3p,6929,8312,1,0.0,0.3535,0.0545,0.0,True,0.0
hsa-mir-125b-5p,hsa-mir-221-3p,6929,8312,1,0.001,0.433,0.0525,0.0005,True,0.0044329671220659185
hsa-mir-183-3p,hsa-mir-183-5p,6934,1499,1,0.0,0.0155,0.0405,0.005,True,0.026815439697876305
hsa-mir-183-3p,hsa-mir-96-5p,6934,1499,1,0.0,0.012,0.169,0.004,True,0.022728156096547065
hsa-mir-181c-5p,hsa-mir-195-5p,6934,595,1,0.0005,0.0725,0.0145,0.007,True,0.03415371572630123
hsa-mir-221-3p,hsa-mir-299-5p,6938,23216,1,0.0,0.0195,0.0205,0.001,True,0.007828465063001146
hsa-mir-33a-3p,hsa-mir-3942-5p,6938,3983,1,0.0,0.304,0.1415,0.0075,True,0.03589809809371649
hsa-mir-187-3p,hsa-mir-3065-5p,6938,4154,1,0.0055,0.018,0.03,0.0005,True,0.0044329671220659185
hsa-mir-200c-3p,hsa-mir-3065-5p,6938,51621,1,0.0,0.0365,0.2975,0.0005,True,0.0044329671220659185
hsa-mir-33a-3p,hsa-mir-92b-3p,6938,80205,1,0.0,0.2985,0.128,0.0095,True,0.0426185562780775
hsa-mir-134-5p,hsa-mir-181a-2-3p,7003,140609,1,0.0,0.1335,0.2485,0.0095,True,0.0426185562780775
hsa-mir-130a-3p,hsa-mir-516b-5p,7003,2059,1,0.003,0.032,0.9255,0.002,True,0.013460700437003755
hsa-mir-130a-3p,hsa-mir-518c-5p,7003,2059,1,0.005,0.036,0.855,0.0015,True,0.010773909616395166
hsa-mir-130b-5p,hsa-mir-625-3p,7003,2274,1,0.0,0.0895,0.013,0.0095,True,0.0426185562780775
hsa-mir-16-1-3p,hsa-mir-181a-5p,7003,2274,1,0.0,0.671,0.0425,0.003,True,0.01833518710001956
hsa-mir-625-3p,hsa-mir-766-3p,7003,2274,1,0.0,0.0215,0.0485,0.008,True,0.03764616774970952
hsa-mir-15a-5p,hsa-mir-299-5p,7003,23019,1,0.0,0.5575,0.1485,0.0075,True,0.03589809809371649
hsa-mir-128-3p,hsa-mir-766-3p,7003,2762,1,0.0,0.0805,0.0635,0.0045,True,0.024807340374580926
hsa-mir-625-3p,hsa-mir-766-3p,7003,2762,1,0.0,0.026,0.069,0.0045,True,0.024807340374580926
hsa-mir-15a-5p,hsa-mir-182-5p,7003,51421,1,0.0,0.051,0.012,0.007,True,0.03415371572630123
hsa-mir-15a-5p,hsa-mir-9-5p,7003,51421,1,0.0,0.062,0.044,0.001,True,0.007828465063001146
hsa-mir-15a-5p,hsa-mir-96-5p,7003,51421,1,0.0,0.075,0.0245,0.006,True,0.03065545276142417
hsa-mir-16-1-3p,hsa-mir-182-5p,7003,51421,1,0.0,0.0745,0.016,0.003,True,0.01833518710001956
hsa-mir-16-1-3p,hsa-mir-9-5p,7003,51421,1,0.0,0.055,0.0405,0.0,True,0.0
hsa-mir-16-1-3p,hsa-mir-96-5p,7003,51421,1,0.0,0.055,0.019,0.004,True,0.022728156096547065
hsa-mir-181a-2-3p,hsa-mir-9-5p,7003,51421,1,0.0,0.0405,0.046,0.001,True,0.007828465063001146
hsa-mir-33a-3p,hsa-mir-377-3p,7003,5915,1,0.0095,0.022,0.267,0.005,True,0.026815439697876305
hsa-mir-183-3p,hsa-mir-450b-5p,7003,79745,1,0.001,0.9965,0.0245,0.004,True,0.022728156096547065
hsa-mir-20a-5p,hsa-mir-30a-5p,7003,79745,1,0.0,0.038,0.24,0.004,True,0.022728156096547065
hsa-mir-30a-5p,hsa-mir-519c-3p,7003,79745,1,0.0,0.236,0.175,0.0085,True,0.039335477591095694
hsa-mir-130a-3p,hsa-mir-33a-3p,7003,817,1,0.005,0.118,0.103,0.002,True,0.013460700437003755
hsa-mir-766-3p,hsa-mir-92a-1-5p,7004,2762,1,0.0,0.0745,0.134,0.0005,True,0.0044329671220659185
hsa-mir-182-5p,hsa-mir-760,7020,3092,1,0.003,0.2485,0.0265,0.0095,True,0.0426185562780775
hsa-mir-15a-5p,hsa-mir-17-5p,7020,4313,1,0.0,0.0185,0.0465,0.0035,True,0.020577342867896125
hsa-mir-15a-5p,hsa-mir-20a-5p,7020,4313,1,0.0005,0.0245,0.013,0.0005,True,0.0044329671220659185
hsa-let-7b-5p,hsa-mir-182-5p,7027,150468,1,0.008,0.032,0.077,0.0065,True,0.03241048791609667
hsa-let-7b-5p,hsa-mir-125b-5p,7157,144455,1,0.0,0.2205,0.1855,0.001,True,0.007828465063001146
hsa-mir-125b-5p,hsa-mir-383-5p,7157,144455,1,0.0,0.187,0.052,0.003,True,0.01833518710001956
hsa-let-7b-5p,hsa-mir-125a-5p,7157,27113,1,0.0,0.5015,0.05,0.0015,True,0.010773909616395166
hsa-let-7b-5p,hsa-mir-125b-5p,7157,27113,1,0.0,0.5145,0.215,0.009,True,0.04098415408641332
hsa-let-7b-5p,hsa-mir-221-3p,7157,27113,1,0.0,0.5285,0.112,0.0055,True,0.028730425643720442
hsa-mir-125b-5p,hsa-mir-30a-5p,7157,27113,1,0.0,0.228,0.017,0.007,True,0.03415371572630123
hsa-let-7b-5p,hsa-mir-125b-5p,7157,4194,1,0.0,0.0865,0.039,0.0,True,0.0
hsa-mir-125a-5p,hsa-mir-379-5p,7157,4194,1,0.0,0.0115,0.0115,0.0035,True,0.020577342867896125
hsa-mir-125b-5p,hsa-mir-508-3p,7157,4194,1,0.0,0.0285,0.09,0.0075,True,0.03589809809371649
hsa-mir-125b-5p,hsa-mir-514a-3p,7157,4194,1,0.0,0.032,0.046,0.003,True,0.01833518710001956
hsa-let-7b-5p,hsa-mir-519d-3p,7157,4288,1,0.0005,0.014,0.063,0.0,True,0.0
hsa-let-7b-5p,hsa-mir-520g-3p,7157,4288,1,0.0,0.0145,0.053,0.0,True,0.0
hsa-let-7b-5p,hsa-mir-520h,7157,4288,1,0.0,0.015,0.035,0.0,True,0.0
hsa-let-7b-5p,hsa-mir-526b-5p,7157,4288,1,0.0,0.016,0.065,0.0,True,0.0
hsa-mir-30a-5p,hsa-mir-520g-3p,7157,4288,1,0.0,0.0235,0.04,0.0095,True,0.0426185562780775
hsa-mir-181d-5p,hsa-mir-3065-5p,7157,4363,1,0.0035,0.167,0.192,0.0005,True,0.0044329671220659185
hsa-let-7b-5p,hsa-mir-30a-5p,7157,4436,1,0.0,0.06,0.024,0.0075,True,0.03589809809371649
hsa-let-7b-5p,hsa-mir-125a-5p,7157,51499,1,0.0,0.68,0.164,0.0085,True,0.039335477591095694
hsa-let-7b-5p,hsa-mir-125b-5p,7157,51499,1,0.0,0.634,0.2815,0.0045,True,0.024807340374580926
hsa-let-7b-5p,hsa-mir-30a-5p,7157,51499,1,0.0,0.6535,0.041,0.001,True,0.007828465063001146
hsa-mir-181d-5p,hsa-mir-3065-5p,7157,5366,1,0.0035,0.0275,0.0135,0.0025,True,0.015961813563775434
hsa-mir-125a-5p,hsa-mir-199a-3p,7157,5599,1,0.0,0.5625,0.4405,0.0,True,0.0
hsa-mir-125a-5p,hsa-mir-199b-3p,7157,5599,1,0.0,0.5535,0.3515,0.0,True,0.0
hsa-let-7b-5p,hsa-mir-520a-5p,7157,598,1,0.0,0.0295,0.8125,0.0,True,0.0
hsa-let-7b-5p,hsa-mir-525-5p,7157,598,1,0.0,0.037,0.791,0.0,True,0.0
hsa-mir-203a-3p,hsa-mir-504-5p,7157,6850,1,0.006,0.778,0.752,0.0055,True,0.028730425643720442
hsa-let-7b-5p,hsa-mir-125a-5p,7157,7332,1,0.0,0.717,0.011,0.0015,True,0.010773909616395166
hsa-mir-125a-5p,hsa-mir-125b-5p,7157,7332,1,0.0,0.011,0.0965,0.0005,True,0.0044329671220659185
hsa-mir-125a-5p,hsa-mir-30a-5p,7157,7332,1,0.0,0.0105,0.1545,0.0075,True,0.03589809809371649
hsa-let-7b-3p,hsa-mir-125b-5p,7157,836,1,0.0,0.514,0.023,0.0,True,0.0
hsa-let-7b-5p,hsa-mir-125a-5p,7157,836,1,0.0,0.035,0.247,0.0,True,0.0
hsa-mir-125b-5p,hsa-mir-221-3p,7157,836,1,0.0,0.029,0.1695,0.001,True,0.007828465063001146
hsa-mir-125b-5p,hsa-mir-30a-3p,7157,836,1,0.0,0.0285,0.438,0.0005,True,0.0044329671220659185
hsa-mir-125b-5p,hsa-mir-30a-5p,7157,836,1,0.0,0.052,0.2065,0.004,True,0.022728156096547065
hsa-let-7b-5p,hsa-mir-182-5p,7157,890,1,0.0,0.0265,0.0455,0.002,True,0.013460700437003755
hsa-let-7b-5p,hsa-mir-30a-5p,7157,890,1,0.0,0.024,0.04,0.005,True,0.026815439697876305
hsa-mir-224-3p,hsa-mir-33b-5p,7291,4193,1,0.0,0.072,0.023,0.0085,True,0.039335477591095694
hsa-mir-15b-3p,hsa-mir-3613-5p,7528,1739,1,0.0015,0.0185,0.0105,0.003,True,0.01833518710001956
hsa-mir-181a-5p,hsa-mir-93-5p,7528,2033,1,0.0,0.0375,0.017,0.0045,True,0.024807340374580926
hsa-mir-181b-5p,hsa-mir-93-5p,7528,2033,1,0.0,0.0205,0.015,0.0085,True,0.039335477591095694
hsa-mir-19a-3p,hsa-mir-96-5p,7528,7728,1,0.0005,0.028,0.644,0.006,True,0.03065545276142417
hsa-mir-106a-5p,hsa-mir-92b-3p,7586,11176,1,0.0,0.036,0.9085,0.0065,True,0.03241048791609667
hsa-mir-19a-3p,hsa-mir-548e-3p,7586,11176,1,0.0005,0.0195,0.1325,0.0065,True,0.03241048791609667
hsa-mir-25-3p,hsa-mir-381-3p,7586,80205,1,0.0,0.0435,0.337,0.002,True,0.013460700437003755
hsa-mir-181a-2-3p,hsa-mir-372-3p,7586,9043,1,0.0005,0.0125,0.0465,0.008,True,0.03764616774970952
hsa-mir-33a-3p,hsa-mir-548b-3p,7702,8648,1,0.0,0.2775,0.31,0.0045,True,0.024807340374580926
hsa-mir-15a-5p,hsa-mir-654-5p,7975,1106,1,0.0,0.056,0.21,0.0,True,0.0
hsa-mir-181a-5p,hsa-mir-92b-3p,7975,23387,1,0.0,0.02,0.089,0.0015,True,0.010773909616395166
hsa-mir-15a-5p,hsa-mir-92b-3p,7975,2889,1,0.0,0.1605,0.241,0.0055,True,0.028730425643720442
hsa-mir-15b-3p,hsa-mir-654-3p,8202,2186,1,0.0,0.479,0.3635,0.0025,True,0.015961813563775434
hsa-mir-181b-5p,hsa-mir-92b-3p,8202,2186,1,0.0,0.087,0.6925,0.0005,True,0.0044329671220659185
hsa-mir-20b-5p,hsa-mir-654-3p,8202,2186,1,0.0,0.012,0.156,0.005,True,0.026815439697876305
hsa-mir-3662,hsa-mir-624-5p,8202,2186,1,0.0045,0.0835,0.3,0.0055,True,0.028730425643720442
hsa-let-7b-5p,hsa-mir-299-3p,8202,23224,1,0.0,0.848,0.132,0.0005,True,0.0044329671220659185
hsa-mir-299-3p,hsa-mir-520a-5p,8202,23224,1,0.006,0.149,0.9955,0.0005,True,0.0044329671220659185
hsa-mir-106a-5p,hsa-mir-3614-3p,8202,23243,1,0.0,0.041,0.4565,0.007,True,0.03415371572630123
hsa-mir-127-5p,hsa-mir-15a-5p,8202,23243,1,0.0055,0.018,0.078,0.0055,True,0.028730425643720442
hsa-mir-215-5p,hsa-mir-499a-5p,8202,50807,1,0.0075,0.055,0.208,0.0025,True,0.015961813563775434
hsa-let-7b-5p,hsa-mir-1-3p,8202,51366,1,0.0,0.9525,0.086,0.002,True,0.013460700437003755
hsa-mir-20a-5p,hsa-mir-654-3p,8202,51366,1,0.0,0.167,0.545,0.0085,True,0.039335477591095694
hsa-mir-3662,hsa-mir-7-5p,8202,51366,1,0.009,0.0925,0.2525,0.0065,True,0.03241048791609667
hsa-mir-299-3p,hsa-mir-520a-3p,8202,55074,1,0.0065,0.7895,0.9275,0.006,True,0.03065545276142417
hsa-mir-127-5p,hsa-mir-15a-5p,8202,56204,1,0.0055,0.0505,0.4925,0.0,True,0.0
hsa-mir-141-3p,hsa-mir-7-5p,8202,9931,1,0.0,0.212,0.6825,0.0095,True,0.0426185562780775
hsa-let-7b-5p,hsa-mir-3662,8202,9969,1,0.0,0.012,0.0215,0.0025,True,0.015961813563775434
hsa-mir-136-5p,hsa-mir-376c-3p,860,2113,1,0.0,0.0425,0.049,0.008,True,0.03764616774970952
hsa-mir-205-5p,hsa-mir-33a-5p,860,7145,1,0.0005,0.333,0.021,0.002,True,0.013460700437003755
hsa-mir-135a-5p,hsa-mir-99a-3p,860,7456,1,0.0,0.199,0.279,0.0015,True,0.010773909616395166
hsa-mir-30a-3p,hsa-mir-337-3p,8932,1108,1,0.0025,0.023,0.2265,0.0015,True,0.010773909616395166
hsa-mir-15b-5p,hsa-mir-766-3p,9189,1153,1,0.0065,0.088,0.0125,0.0015,True,0.010773909616395166
hsa-mir-17-5p,hsa-mir-181a-2-3p,9189,1153,1,0.0,0.1135,0.1085,0.001,True,0.007828465063001146
hsa-mir-181a-2-3p,hsa-mir-20a-5p,9189,1153,1,0.0005,0.119,0.3005,0.003,True,0.01833518710001956
hsa-mir-181a-2-3p,hsa-mir-766-3p,9189,1153,1,0.001,0.1125,0.0195,0.0095,True,0.0426185562780775
hsa-mir-520g-3p,hsa-mir-654-5p,9189,8878,1,0.0,0.25,0.2865,0.0045,True,0.024807340374580926
hsa-mir-3680-3p,hsa-mir-520h,9575,5130,1,0.008,0.7135,0.448,0.0065,True,0.03241048791609667
hsa-mir-15a-5p,hsa-mir-760,9575,64759,1,0.0,0.0115,0.348,0.0055,True,0.028730425643720442
hsa-mir-3613-5p,hsa-mir-543,9575,64759,1,0.0,0.0135,0.209,0.003,True,0.01833518710001956
hsa-mir-129-5p,hsa-mir-33a-5p,9575,7145,1,0.0075,0.105,0.012,0.008,True,0.03764616774970952
hsa-mir-205-5p,hsa-mir-215-5p,9575,9628,1,0.002,0.0145,0.2215,0.002,True,0.013460700437003755
hsa-mir-181a-2-3p,hsa-mir-758-3p,9580,949,1,0.0,0.041,0.538,0.004,True,0.022728156096547065
